EARLIEST TIME,LATEST TIME,EARLIEST LEAD HOUR,LATEST LEAD HOUR, QUANTILE QUANTILE DIAGRAM OBSERVED QUANTILES All data, QUANTILE QUANTILE DIAGRAM PREDICTED QUANTILES All data
-1000000000-01-01T00:00:00Z,+1000000000-12-31T23:59:59.999999999Z,18,18,6.865600,7.067433
-1000000000-01-01T00:00:00Z,+1000000000-12-31T23:59:59.999999999Z,18,18,6.865600,7.067433
-1000000000-01-01T00:00:00Z,+1000000000-12-31T23:59:59.999999999Z,18,18,6.865600,7.067433
-1000000000-01-01T00:00:00Z,+1000000000-12-31T23:59:59.999999999Z,18,18,6.865600,7.067433
-1000000000-01-01T00:00:00Z,+1000000000-12-31T23:59:59.999999999Z,18,18,6.865600,7.067433
-1000000000-01-01T00:00:00Z,+1000000000-12-31T23:59:59.999999999Z,18,18,6.865600,7.067433
-1000000000-01-01T00:00:00Z,+1000000000-12-31T23:59:59.999999999Z,18,18,6.865600,7.067433
-1000000000-01-01T00:00:00Z,+1000000000-12-31T23:59:59.999999999Z,18,18,6.865600,7.067433
-1000000000-01-01T00:00:00Z,+1000000000-12-31T23:59:59.999999999Z,18,18,6.865600,7.067433
-1000000000-01-01T00:00:00Z,+1000000000-12-31T23:59:59.999999999Z,18,18,6.865600,7.067433
-1000000000-01-01T00:00:00Z,+1000000000-12-31T23:59:59.999999999Z,18,18,6.865600,7.067433
-1000000000-01-01T00:00:00Z,+1000000000-12-31T23:59:59.999999999Z,18,18,6.865600,7.067433
-1000000000-01-01T00:00:00Z,+1000000000-12-31T23:59:59.999999999Z,18,18,6.865600,7.067433
-1000000000-01-01T00:00:00Z,+1000000000-12-31T23:59:59.999999999Z,18,18,6.865600,7.067433
-1000000000-01-01T00:00:00Z,+1000000000-12-31T23:59:59.999999999Z,18,18,6.865600,7.067433
-1000000000-01-01T00:00:00Z,+1000000000-12-31T23:59:59.999999999Z,18,18,6.865600,7.067433
-1000000000-01-01T00:00:00Z,+1000000000-12-31T23:59:59.999999999Z,18,18,6.865600,7.067433
-1000000000-01-01T00:00:00Z,+1000000000-12-31T23:59:59.999999999Z,18,18,6.865600,7.067433
-1000000000-01-01T00:00:00Z,+1000000000-12-31T23:59:59.999999999Z,18,18,6.865600,7.067433
-1000000000-01-01T00:00:00Z,+1000000000-12-31T23:59:59.999999999Z,18,18,6.865600,7.067433
-1000000000-01-01T00:00:00Z,+1000000000-12-31T23:59:59.999999999Z,18,18,6.865600,7.067433
-1000000000-01-01T00:00:00Z,+1000000000-12-31T23:59:59.999999999Z,18,18,6.865600,7.067433
-1000000000-01-01T00:00:00Z,+1000000000-12-31T23:59:59.999999999Z,18,18,6.865600,7.067433
-1000000000-01-01T00:00:00Z,+1000000000-12-31T23:59:59.999999999Z,18,18,6.865600,7.067433
-1000000000-01-01T00:00:00Z,+1000000000-12-31T23:59:59.999999999Z,18,18,6.865600,7.067433
-1000000000-01-01T00:00:00Z,+1000000000-12-31T23:59:59.999999999Z,18,18,6.865600,7.067433
-1000000000-01-01T00:00:00Z,+1000000000-12-31T23:59:59.999999999Z,18,18,6.865600,7.067433
-1000000000-01-01T00:00:00Z,+1000000000-12-31T23:59:59.999999999Z,18,18,6.865600,7.067433
-1000000000-01-01T00:00:00Z,+1000000000-12-31T23:59:59.999999999Z,18,18,6.865600,7.067433
-1000000000-01-01T00:00:00Z,+1000000000-12-31T23:59:59.999999999Z,18,18,6.865600,7.067433
-1000000000-01-01T00:00:00Z,+1000000000-12-31T23:59:59.999999999Z,18,18,6.865600,7.067433
-1000000000-01-01T00:00:00Z,+1000000000-12-31T23:59:59.999999999Z,18,18,6.865600,7.067433
-1000000000-01-01T00:00:00Z,+1000000000-12-31T23:59:59.999999999Z,18,18,6.877629,7.079602
-1000000000-01-01T00:00:00Z,+1000000000-12-31T23:59:59.999999999Z,18,18,6.894578,7.096749
-1000000000-01-01T00:00:00Z,+1000000000-12-31T23:59:59.999999999Z,18,18,6.911527,7.113897
-1000000000-01-01T00:00:00Z,+1000000000-12-31T23:59:59.999999999Z,18,18,6.928477,7.131044
-1000000000-01-01T00:00:00Z,+1000000000-12-31T23:59:59.999999999Z,18,18,6.945426,7.148192
-1000000000-01-01T00:00:00Z,+1000000000-12-31T23:59:59.999999999Z,18,18,6.962376,7.165339
-1000000000-01-01T00:00:00Z,+1000000000-12-31T23:59:59.999999999Z,18,18,6.979325,7.182487
-1000000000-01-01T00:00:00Z,+1000000000-12-31T23:59:59.999999999Z,18,18,6.996274,7.199634
-1000000000-01-01T00:00:00Z,+1000000000-12-31T23:59:59.999999999Z,18,18,7.013224,7.216782
-1000000000-01-01T00:00:00Z,+1000000000-12-31T23:59:59.999999999Z,18,18,7.030173,7.233929
-1000000000-01-01T00:00:00Z,+1000000000-12-31T23:59:59.999999999Z,18,18,7.047122,7.251077
-1000000000-01-01T00:00:00Z,+1000000000-12-31T23:59:59.999999999Z,18,18,7.064072,7.268224
-1000000000-01-01T00:00:00Z,+1000000000-12-31T23:59:59.999999999Z,18,18,7.081021,7.285372
-1000000000-01-01T00:00:00Z,+1000000000-12-31T23:59:59.999999999Z,18,18,7.097970,7.302519
-1000000000-01-01T00:00:00Z,+1000000000-12-31T23:59:59.999999999Z,18,18,7.114920,7.319667
-1000000000-01-01T00:00:00Z,+1000000000-12-31T23:59:59.999999999Z,18,18,7.131869,7.336814
-1000000000-01-01T00:00:00Z,+1000000000-12-31T23:59:59.999999999Z,18,18,7.148818,7.353962
-1000000000-01-01T00:00:00Z,+1000000000-12-31T23:59:59.999999999Z,18,18,7.165768,7.371109
-1000000000-01-01T00:00:00Z,+1000000000-12-31T23:59:59.999999999Z,18,18,7.182717,7.388257
-1000000000-01-01T00:00:00Z,+1000000000-12-31T23:59:59.999999999Z,18,18,7.199667,7.405404
-1000000000-01-01T00:00:00Z,+1000000000-12-31T23:59:59.999999999Z,18,18,7.216616,7.422552
-1000000000-01-01T00:00:00Z,+1000000000-12-31T23:59:59.999999999Z,18,18,7.233565,7.439699
-1000000000-01-01T00:00:00Z,+1000000000-12-31T23:59:59.999999999Z,18,18,7.250515,7.456847
-1000000000-01-01T00:00:00Z,+1000000000-12-31T23:59:59.999999999Z,18,18,7.267464,7.473994
-1000000000-01-01T00:00:00Z,+1000000000-12-31T23:59:59.999999999Z,18,18,7.284413,7.491142
-1000000000-01-01T00:00:00Z,+1000000000-12-31T23:59:59.999999999Z,18,18,7.301363,7.508289
-1000000000-01-01T00:00:00Z,+1000000000-12-31T23:59:59.999999999Z,18,18,7.318312,7.525437
-1000000000-01-01T00:00:00Z,+1000000000-12-31T23:59:59.999999999Z,18,18,7.335261,7.542584
-1000000000-01-01T00:00:00Z,+1000000000-12-31T23:59:59.999999999Z,18,18,7.352211,7.559732
-1000000000-01-01T00:00:00Z,+1000000000-12-31T23:59:59.999999999Z,18,18,7.369160,7.576879
-1000000000-01-01T00:00:00Z,+1000000000-12-31T23:59:59.999999999Z,18,18,7.386109,7.594027
-1000000000-01-01T00:00:00Z,+1000000000-12-31T23:59:59.999999999Z,18,18,7.403059,7.611174
-1000000000-01-01T00:00:00Z,+1000000000-12-31T23:59:59.999999999Z,18,18,7.421904,7.627557
-1000000000-01-01T00:00:00Z,+1000000000-12-31T23:59:59.999999999Z,18,18,7.443375,7.642882
-1000000000-01-01T00:00:00Z,+1000000000-12-31T23:59:59.999999999Z,18,18,7.464846,7.658207
-1000000000-01-01T00:00:00Z,+1000000000-12-31T23:59:59.999999999Z,18,18,7.486317,7.673532
-1000000000-01-01T00:00:00Z,+1000000000-12-31T23:59:59.999999999Z,18,18,7.507788,7.688856
-1000000000-01-01T00:00:00Z,+1000000000-12-31T23:59:59.999999999Z,18,18,7.529258,7.704181
-1000000000-01-01T00:00:00Z,+1000000000-12-31T23:59:59.999999999Z,18,18,7.550729,7.719506
-1000000000-01-01T00:00:00Z,+1000000000-12-31T23:59:59.999999999Z,18,18,7.572200,7.734831
-1000000000-01-01T00:00:00Z,+1000000000-12-31T23:59:59.999999999Z,18,18,7.593671,7.750156
-1000000000-01-01T00:00:00Z,+1000000000-12-31T23:59:59.999999999Z,18,18,7.615142,7.765480
-1000000000-01-01T00:00:00Z,+1000000000-12-31T23:59:59.999999999Z,18,18,7.636613,7.780805
-1000000000-01-01T00:00:00Z,+1000000000-12-31T23:59:59.999999999Z,18,18,7.658083,7.796130
-1000000000-01-01T00:00:00Z,+1000000000-12-31T23:59:59.999999999Z,18,18,7.679554,7.811455
-1000000000-01-01T00:00:00Z,+1000000000-12-31T23:59:59.999999999Z,18,18,7.701025,7.826780
-1000000000-01-01T00:00:00Z,+1000000000-12-31T23:59:59.999999999Z,18,18,7.722496,7.842104
-1000000000-01-01T00:00:00Z,+1000000000-12-31T23:59:59.999999999Z,18,18,7.743967,7.857429
-1000000000-01-01T00:00:00Z,+1000000000-12-31T23:59:59.999999999Z,18,18,7.765437,7.872754
-1000000000-01-01T00:00:00Z,+1000000000-12-31T23:59:59.999999999Z,18,18,7.786908,7.888079
-1000000000-01-01T00:00:00Z,+1000000000-12-31T23:59:59.999999999Z,18,18,7.808379,7.903404
-1000000000-01-01T00:00:00Z,+1000000000-12-31T23:59:59.999999999Z,18,18,7.829850,7.918728
-1000000000-01-01T00:00:00Z,+1000000000-12-31T23:59:59.999999999Z,18,18,7.851321,7.934053
-1000000000-01-01T00:00:00Z,+1000000000-12-31T23:59:59.999999999Z,18,18,7.872792,7.949378
-1000000000-01-01T00:00:00Z,+1000000000-12-31T23:59:59.999999999Z,18,18,7.894262,7.964703
-1000000000-01-01T00:00:00Z,+1000000000-12-31T23:59:59.999999999Z,18,18,7.915733,7.980028
-1000000000-01-01T00:00:00Z,+1000000000-12-31T23:59:59.999999999Z,18,18,7.937204,7.995352
-1000000000-01-01T00:00:00Z,+1000000000-12-31T23:59:59.999999999Z,18,18,7.958675,8.010677
-1000000000-01-01T00:00:00Z,+1000000000-12-31T23:59:59.999999999Z,18,18,7.980146,8.026002
-1000000000-01-01T00:00:00Z,+1000000000-12-31T23:59:59.999999999Z,18,18,8.001617,8.041327
-1000000000-01-01T00:00:00Z,+1000000000-12-31T23:59:59.999999999Z,18,18,8.023087,8.056652
-1000000000-01-01T00:00:00Z,+1000000000-12-31T23:59:59.999999999Z,18,18,8.044558,8.071976
-1000000000-01-01T00:00:00Z,+1000000000-12-31T23:59:59.999999999Z,18,18,8.066029,8.087301
-1000000000-01-01T00:00:00Z,+1000000000-12-31T23:59:59.999999999Z,18,18,8.087500,8.102626
-1000000000-01-01T00:00:00Z,+1000000000-12-31T23:59:59.999999999Z,18,18,8.111769,8.119177
-1000000000-01-01T00:00:00Z,+1000000000-12-31T23:59:59.999999999Z,18,18,8.154924,8.144002
-1000000000-01-01T00:00:00Z,+1000000000-12-31T23:59:59.999999999Z,18,18,8.198079,8.168827
-1000000000-01-01T00:00:00Z,+1000000000-12-31T23:59:59.999999999Z,18,18,8.241235,8.193652
-1000000000-01-01T00:00:00Z,+1000000000-12-31T23:59:59.999999999Z,18,18,8.284390,8.218477
-1000000000-01-01T00:00:00Z,+1000000000-12-31T23:59:59.999999999Z,18,18,8.327545,8.243302
-1000000000-01-01T00:00:00Z,+1000000000-12-31T23:59:59.999999999Z,18,18,8.370701,8.268128
-1000000000-01-01T00:00:00Z,+1000000000-12-31T23:59:59.999999999Z,18,18,8.413856,8.292953
-1000000000-01-01T00:00:00Z,+1000000000-12-31T23:59:59.999999999Z,18,18,8.457011,8.317778
-1000000000-01-01T00:00:00Z,+1000000000-12-31T23:59:59.999999999Z,18,18,8.500167,8.342603
-1000000000-01-01T00:00:00Z,+1000000000-12-31T23:59:59.999999999Z,18,18,8.543322,8.367428
-1000000000-01-01T00:00:00Z,+1000000000-12-31T23:59:59.999999999Z,18,18,8.586477,8.392253
-1000000000-01-01T00:00:00Z,+1000000000-12-31T23:59:59.999999999Z,18,18,8.629633,8.417079
-1000000000-01-01T00:00:00Z,+1000000000-12-31T23:59:59.999999999Z,18,18,8.672788,8.441904
-1000000000-01-01T00:00:00Z,+1000000000-12-31T23:59:59.999999999Z,18,18,8.715943,8.466729
-1000000000-01-01T00:00:00Z,+1000000000-12-31T23:59:59.999999999Z,18,18,8.759099,8.491554
-1000000000-01-01T00:00:00Z,+1000000000-12-31T23:59:59.999999999Z,18,18,8.802254,8.516379
-1000000000-01-01T00:00:00Z,+1000000000-12-31T23:59:59.999999999Z,18,18,8.845409,8.541204
-1000000000-01-01T00:00:00Z,+1000000000-12-31T23:59:59.999999999Z,18,18,8.888565,8.566029
-1000000000-01-01T00:00:00Z,+1000000000-12-31T23:59:59.999999999Z,18,18,8.931720,8.590855
-1000000000-01-01T00:00:00Z,+1000000000-12-31T23:59:59.999999999Z,18,18,8.974875,8.615680
-1000000000-01-01T00:00:00Z,+1000000000-12-31T23:59:59.999999999Z,18,18,9.018031,8.640505
-1000000000-01-01T00:00:00Z,+1000000000-12-31T23:59:59.999999999Z,18,18,9.061186,8.665330
-1000000000-01-01T00:00:00Z,+1000000000-12-31T23:59:59.999999999Z,18,18,9.104341,8.690155
-1000000000-01-01T00:00:00Z,+1000000000-12-31T23:59:59.999999999Z,18,18,9.147497,8.714980
-1000000000-01-01T00:00:00Z,+1000000000-12-31T23:59:59.999999999Z,18,18,9.190652,8.739806
-1000000000-01-01T00:00:00Z,+1000000000-12-31T23:59:59.999999999Z,18,18,9.233807,8.764631
-1000000000-01-01T00:00:00Z,+1000000000-12-31T23:59:59.999999999Z,18,18,9.276963,8.789456
-1000000000-01-01T00:00:00Z,+1000000000-12-31T23:59:59.999999999Z,18,18,9.320118,8.814281
-1000000000-01-01T00:00:00Z,+1000000000-12-31T23:59:59.999999999Z,18,18,9.363273,8.839106
-1000000000-01-01T00:00:00Z,+1000000000-12-31T23:59:59.999999999Z,18,18,9.406429,8.863931
-1000000000-01-01T00:00:00Z,+1000000000-12-31T23:59:59.999999999Z,18,18,9.449584,8.888757
-1000000000-01-01T00:00:00Z,+1000000000-12-31T23:59:59.999999999Z,18,18,9.492739,8.913582
-1000000000-01-01T00:00:00Z,+1000000000-12-31T23:59:59.999999999Z,18,18,9.557136,8.962619
-1000000000-01-01T00:00:00Z,+1000000000-12-31T23:59:59.999999999Z,18,18,9.625618,9.016313
-1000000000-01-01T00:00:00Z,+1000000000-12-31T23:59:59.999999999Z,18,18,9.694100,9.070008
-1000000000-01-01T00:00:00Z,+1000000000-12-31T23:59:59.999999999Z,18,18,9.762582,9.123702
-1000000000-01-01T00:00:00Z,+1000000000-12-31T23:59:59.999999999Z,18,18,9.831064,9.177396
-1000000000-01-01T00:00:00Z,+1000000000-12-31T23:59:59.999999999Z,18,18,9.899545,9.231090
-1000000000-01-01T00:00:00Z,+1000000000-12-31T23:59:59.999999999Z,18,18,9.968027,9.284784
-1000000000-01-01T00:00:00Z,+1000000000-12-31T23:59:59.999999999Z,18,18,10.036509,9.338478
-1000000000-01-01T00:00:00Z,+1000000000-12-31T23:59:59.999999999Z,18,18,10.104991,9.392172
-1000000000-01-01T00:00:00Z,+1000000000-12-31T23:59:59.999999999Z,18,18,10.173473,9.445866
-1000000000-01-01T00:00:00Z,+1000000000-12-31T23:59:59.999999999Z,18,18,10.241955,9.499560
-1000000000-01-01T00:00:00Z,+1000000000-12-31T23:59:59.999999999Z,18,18,10.310436,9.553254
-1000000000-01-01T00:00:00Z,+1000000000-12-31T23:59:59.999999999Z,18,18,10.378918,9.606948
-1000000000-01-01T00:00:00Z,+1000000000-12-31T23:59:59.999999999Z,18,18,10.447400,9.660642
-1000000000-01-01T00:00:00Z,+1000000000-12-31T23:59:59.999999999Z,18,18,10.515882,9.714336
-1000000000-01-01T00:00:00Z,+1000000000-12-31T23:59:59.999999999Z,18,18,10.584364,9.768030
-1000000000-01-01T00:00:00Z,+1000000000-12-31T23:59:59.999999999Z,18,18,10.652846,9.821724
-1000000000-01-01T00:00:00Z,+1000000000-12-31T23:59:59.999999999Z,18,18,10.721327,9.875418
-1000000000-01-01T00:00:00Z,+1000000000-12-31T23:59:59.999999999Z,18,18,10.789809,9.929112
-1000000000-01-01T00:00:00Z,+1000000000-12-31T23:59:59.999999999Z,18,18,10.858291,9.982806
-1000000000-01-01T00:00:00Z,+1000000000-12-31T23:59:59.999999999Z,18,18,10.926773,10.036500
-1000000000-01-01T00:00:00Z,+1000000000-12-31T23:59:59.999999999Z,18,18,10.995255,10.090194
-1000000000-01-01T00:00:00Z,+1000000000-12-31T23:59:59.999999999Z,18,18,11.063737,10.143888
-1000000000-01-01T00:00:00Z,+1000000000-12-31T23:59:59.999999999Z,18,18,11.132218,10.197582
-1000000000-01-01T00:00:00Z,+1000000000-12-31T23:59:59.999999999Z,18,18,11.200700,10.251276
-1000000000-01-01T00:00:00Z,+1000000000-12-31T23:59:59.999999999Z,18,18,11.269182,10.304970
-1000000000-01-01T00:00:00Z,+1000000000-12-31T23:59:59.999999999Z,18,18,11.337664,10.358665
-1000000000-01-01T00:00:00Z,+1000000000-12-31T23:59:59.999999999Z,18,18,11.406146,10.412359
-1000000000-01-01T00:00:00Z,+1000000000-12-31T23:59:59.999999999Z,18,18,11.474628,10.466053
-1000000000-01-01T00:00:00Z,+1000000000-12-31T23:59:59.999999999Z,18,18,11.543109,10.519747
-1000000000-01-01T00:00:00Z,+1000000000-12-31T23:59:59.999999999Z,18,18,11.611591,10.573441
-1000000000-01-01T00:00:00Z,+1000000000-12-31T23:59:59.999999999Z,18,18,11.680073,10.627135
-1000000000-01-01T00:00:00Z,+1000000000-12-31T23:59:59.999999999Z,18,18,11.772243,10.691367
-1000000000-01-01T00:00:00Z,+1000000000-12-31T23:59:59.999999999Z,18,18,11.883920,10.764278
-1000000000-01-01T00:00:00Z,+1000000000-12-31T23:59:59.999999999Z,18,18,11.995598,10.837189
-1000000000-01-01T00:00:00Z,+1000000000-12-31T23:59:59.999999999Z,18,18,12.107275,10.910099
-1000000000-01-01T00:00:00Z,+1000000000-12-31T23:59:59.999999999Z,18,18,12.218953,10.983010
-1000000000-01-01T00:00:00Z,+1000000000-12-31T23:59:59.999999999Z,18,18,12.330630,11.055921
-1000000000-01-01T00:00:00Z,+1000000000-12-31T23:59:59.999999999Z,18,18,12.442307,11.128832
-1000000000-01-01T00:00:00Z,+1000000000-12-31T23:59:59.999999999Z,18,18,12.553985,11.201742
-1000000000-01-01T00:00:00Z,+1000000000-12-31T23:59:59.999999999Z,18,18,12.665662,11.274653
-1000000000-01-01T00:00:00Z,+1000000000-12-31T23:59:59.999999999Z,18,18,12.777340,11.347564
-1000000000-01-01T00:00:00Z,+1000000000-12-31T23:59:59.999999999Z,18,18,12.889017,11.420475
-1000000000-01-01T00:00:00Z,+1000000000-12-31T23:59:59.999999999Z,18,18,13.000695,11.493385
-1000000000-01-01T00:00:00Z,+1000000000-12-31T23:59:59.999999999Z,18,18,13.112372,11.566296
-1000000000-01-01T00:00:00Z,+1000000000-12-31T23:59:59.999999999Z,18,18,13.224049,11.639207
-1000000000-01-01T00:00:00Z,+1000000000-12-31T23:59:59.999999999Z,18,18,13.335727,11.712118
-1000000000-01-01T00:00:00Z,+1000000000-12-31T23:59:59.999999999Z,18,18,13.447404,11.785029
-1000000000-01-01T00:00:00Z,+1000000000-12-31T23:59:59.999999999Z,18,18,13.559082,11.857939
-1000000000-01-01T00:00:00Z,+1000000000-12-31T23:59:59.999999999Z,18,18,13.670759,11.930850
-1000000000-01-01T00:00:00Z,+1000000000-12-31T23:59:59.999999999Z,18,18,13.782437,12.003761
-1000000000-01-01T00:00:00Z,+1000000000-12-31T23:59:59.999999999Z,18,18,13.894114,12.076672
-1000000000-01-01T00:00:00Z,+1000000000-12-31T23:59:59.999999999Z,18,18,14.005792,12.149582
-1000000000-01-01T00:00:00Z,+1000000000-12-31T23:59:59.999999999Z,18,18,14.117469,12.222493
-1000000000-01-01T00:00:00Z,+1000000000-12-31T23:59:59.999999999Z,18,18,14.229146,12.295404
-1000000000-01-01T00:00:00Z,+1000000000-12-31T23:59:59.999999999Z,18,18,14.340824,12.368315
-1000000000-01-01T00:00:00Z,+1000000000-12-31T23:59:59.999999999Z,18,18,14.452501,12.441225
-1000000000-01-01T00:00:00Z,+1000000000-12-31T23:59:59.999999999Z,18,18,14.564179,12.514136
-1000000000-01-01T00:00:00Z,+1000000000-12-31T23:59:59.999999999Z,18,18,14.675856,12.587047
-1000000000-01-01T00:00:00Z,+1000000000-12-31T23:59:59.999999999Z,18,18,14.787534,12.659958
-1000000000-01-01T00:00:00Z,+1000000000-12-31T23:59:59.999999999Z,18,18,14.899211,12.732869
-1000000000-01-01T00:00:00Z,+1000000000-12-31T23:59:59.999999999Z,18,18,15.010888,12.805779
-1000000000-01-01T00:00:00Z,+1000000000-12-31T23:59:59.999999999Z,18,18,15.122566,12.878690
-1000000000-01-01T00:00:00Z,+1000000000-12-31T23:59:59.999999999Z,18,18,15.234243,12.951601
-1000000000-01-01T00:00:00Z,+1000000000-12-31T23:59:59.999999999Z,18,18,15.330035,13.012045
-1000000000-01-01T00:00:00Z,+1000000000-12-31T23:59:59.999999999Z,18,18,15.380155,13.036647
-1000000000-01-01T00:00:00Z,+1000000000-12-31T23:59:59.999999999Z,18,18,15.430276,13.061249
-1000000000-01-01T00:00:00Z,+1000000000-12-31T23:59:59.999999999Z,18,18,15.480396,13.085851
-1000000000-01-01T00:00:00Z,+1000000000-12-31T23:59:59.999999999Z,18,18,15.530516,13.110453
-1000000000-01-01T00:00:00Z,+1000000000-12-31T23:59:59.999999999Z,18,18,15.580636,13.135055
-1000000000-01-01T00:00:00Z,+1000000000-12-31T23:59:59.999999999Z,18,18,15.630757,13.159658
-1000000000-01-01T00:00:00Z,+1000000000-12-31T23:59:59.999999999Z,18,18,15.680877,13.184260
-1000000000-01-01T00:00:00Z,+1000000000-12-31T23:59:59.999999999Z,18,18,15.730997,13.208862
-1000000000-01-01T00:00:00Z,+1000000000-12-31T23:59:59.999999999Z,18,18,15.781117,13.233464
-1000000000-01-01T00:00:00Z,+1000000000-12-31T23:59:59.999999999Z,18,18,15.831238,13.258066
-1000000000-01-01T00:00:00Z,+1000000000-12-31T23:59:59.999999999Z,18,18,15.881358,13.282668
-1000000000-01-01T00:00:00Z,+1000000000-12-31T23:59:59.999999999Z,18,18,15.931478,13.307270
-1000000000-01-01T00:00:00Z,+1000000000-12-31T23:59:59.999999999Z,18,18,15.981598,13.331872
-1000000000-01-01T00:00:00Z,+1000000000-12-31T23:59:59.999999999Z,18,18,16.031719,13.356474
-1000000000-01-01T00:00:00Z,+1000000000-12-31T23:59:59.999999999Z,18,18,16.081839,13.381077
-1000000000-01-01T00:00:00Z,+1000000000-12-31T23:59:59.999999999Z,18,18,16.131959,13.405679
-1000000000-01-01T00:00:00Z,+1000000000-12-31T23:59:59.999999999Z,18,18,16.182079,13.430281
-1000000000-01-01T00:00:00Z,+1000000000-12-31T23:59:59.999999999Z,18,18,16.232200,13.454883
-1000000000-01-01T00:00:00Z,+1000000000-12-31T23:59:59.999999999Z,18,18,16.282320,13.479485
-1000000000-01-01T00:00:00Z,+1000000000-12-31T23:59:59.999999999Z,18,18,16.332440,13.504087
-1000000000-01-01T00:00:00Z,+1000000000-12-31T23:59:59.999999999Z,18,18,16.382560,13.528689
-1000000000-01-01T00:00:00Z,+1000000000-12-31T23:59:59.999999999Z,18,18,16.432681,13.553291
-1000000000-01-01T00:00:00Z,+1000000000-12-31T23:59:59.999999999Z,18,18,16.482801,13.577893
-1000000000-01-01T00:00:00Z,+1000000000-12-31T23:59:59.999999999Z,18,18,16.532921,13.602496
-1000000000-01-01T00:00:00Z,+1000000000-12-31T23:59:59.999999999Z,18,18,16.583041,13.627098
-1000000000-01-01T00:00:00Z,+1000000000-12-31T23:59:59.999999999Z,18,18,16.633162,13.651700
-1000000000-01-01T00:00:00Z,+1000000000-12-31T23:59:59.999999999Z,18,18,16.683282,13.676302
-1000000000-01-01T00:00:00Z,+1000000000-12-31T23:59:59.999999999Z,18,18,16.733402,13.700904
-1000000000-01-01T00:00:00Z,+1000000000-12-31T23:59:59.999999999Z,18,18,16.783522,13.725506
-1000000000-01-01T00:00:00Z,+1000000000-12-31T23:59:59.999999999Z,18,18,16.833643,13.750108
-1000000000-01-01T00:00:00Z,+1000000000-12-31T23:59:59.999999999Z,18,18,16.883763,13.774710
-1000000000-01-01T00:00:00Z,+1000000000-12-31T23:59:59.999999999Z,18,18,16.933883,13.799313
-1000000000-01-01T00:00:00Z,+1000000000-12-31T23:59:59.999999999Z,18,18,16.935632,13.805563
-1000000000-01-01T00:00:00Z,+1000000000-12-31T23:59:59.999999999Z,18,18,16.935768,13.811201
-1000000000-01-01T00:00:00Z,+1000000000-12-31T23:59:59.999999999Z,18,18,16.935904,13.816839
-1000000000-01-01T00:00:00Z,+1000000000-12-31T23:59:59.999999999Z,18,18,16.936041,13.822478
-1000000000-01-01T00:00:00Z,+1000000000-12-31T23:59:59.999999999Z,18,18,16.936177,13.828116
-1000000000-01-01T00:00:00Z,+1000000000-12-31T23:59:59.999999999Z,18,18,16.936313,13.833755
-1000000000-01-01T00:00:00Z,+1000000000-12-31T23:59:59.999999999Z,18,18,16.936449,13.839393
-1000000000-01-01T00:00:00Z,+1000000000-12-31T23:59:59.999999999Z,18,18,16.936586,13.845031
-1000000000-01-01T00:00:00Z,+1000000000-12-31T23:59:59.999999999Z,18,18,16.936722,13.850670
-1000000000-01-01T00:00:00Z,+1000000000-12-31T23:59:59.999999999Z,18,18,16.936858,13.856308
-1000000000-01-01T00:00:00Z,+1000000000-12-31T23:59:59.999999999Z,18,18,16.936994,13.861946
-1000000000-01-01T00:00:00Z,+1000000000-12-31T23:59:59.999999999Z,18,18,16.937131,13.867585
-1000000000-01-01T00:00:00Z,+1000000000-12-31T23:59:59.999999999Z,18,18,16.937267,13.873223
-1000000000-01-01T00:00:00Z,+1000000000-12-31T23:59:59.999999999Z,18,18,16.937403,13.878862
-1000000000-01-01T00:00:00Z,+1000000000-12-31T23:59:59.999999999Z,18,18,16.937539,13.884500
-1000000000-01-01T00:00:00Z,+1000000000-12-31T23:59:59.999999999Z,18,18,16.937676,13.890138
-1000000000-01-01T00:00:00Z,+1000000000-12-31T23:59:59.999999999Z,18,18,16.937812,13.895777
-1000000000-01-01T00:00:00Z,+1000000000-12-31T23:59:59.999999999Z,18,18,16.937948,13.901415
-1000000000-01-01T00:00:00Z,+1000000000-12-31T23:59:59.999999999Z,18,18,16.938084,13.907054
-1000000000-01-01T00:00:00Z,+1000000000-12-31T23:59:59.999999999Z,18,18,16.938221,13.912692
-1000000000-01-01T00:00:00Z,+1000000000-12-31T23:59:59.999999999Z,18,18,16.938357,13.918330
-1000000000-01-01T00:00:00Z,+1000000000-12-31T23:59:59.999999999Z,18,18,16.938493,13.923969
-1000000000-01-01T00:00:00Z,+1000000000-12-31T23:59:59.999999999Z,18,18,16.938629,13.929607
-1000000000-01-01T00:00:00Z,+1000000000-12-31T23:59:59.999999999Z,18,18,16.938766,13.935246
-1000000000-01-01T00:00:00Z,+1000000000-12-31T23:59:59.999999999Z,18,18,16.938902,13.940884
-1000000000-01-01T00:00:00Z,+1000000000-12-31T23:59:59.999999999Z,18,18,16.939038,13.946522
-1000000000-01-01T00:00:00Z,+1000000000-12-31T23:59:59.999999999Z,18,18,16.939174,13.952161
-1000000000-01-01T00:00:00Z,+1000000000-12-31T23:59:59.999999999Z,18,18,16.939311,13.957799
-1000000000-01-01T00:00:00Z,+1000000000-12-31T23:59:59.999999999Z,18,18,16.939447,13.963437
-1000000000-01-01T00:00:00Z,+1000000000-12-31T23:59:59.999999999Z,18,18,16.939583,13.969076
-1000000000-01-01T00:00:00Z,+1000000000-12-31T23:59:59.999999999Z,18,18,16.939719,13.974714
-1000000000-01-01T00:00:00Z,+1000000000-12-31T23:59:59.999999999Z,18,18,16.939856,13.980353
-1000000000-01-01T00:00:00Z,+1000000000-12-31T23:59:59.999999999Z,18,18,16.973575,14.010397
-1000000000-01-01T00:00:00Z,+1000000000-12-31T23:59:59.999999999Z,18,18,17.023287,14.052063
-1000000000-01-01T00:00:00Z,+1000000000-12-31T23:59:59.999999999Z,18,18,17.072998,14.093729
-1000000000-01-01T00:00:00Z,+1000000000-12-31T23:59:59.999999999Z,18,18,17.122710,14.135395
-1000000000-01-01T00:00:00Z,+1000000000-12-31T23:59:59.999999999Z,18,18,17.172421,14.177061
-1000000000-01-01T00:00:00Z,+1000000000-12-31T23:59:59.999999999Z,18,18,17.222133,14.218727
-1000000000-01-01T00:00:00Z,+1000000000-12-31T23:59:59.999999999Z,18,18,17.271844,14.260393
-1000000000-01-01T00:00:00Z,+1000000000-12-31T23:59:59.999999999Z,18,18,17.321556,14.302059
-1000000000-01-01T00:00:00Z,+1000000000-12-31T23:59:59.999999999Z,18,18,17.371267,14.343725
-1000000000-01-01T00:00:00Z,+1000000000-12-31T23:59:59.999999999Z,18,18,17.420979,14.385391
-1000000000-01-01T00:00:00Z,+1000000000-12-31T23:59:59.999999999Z,18,18,17.470690,14.427057
-1000000000-01-01T00:00:00Z,+1000000000-12-31T23:59:59.999999999Z,18,18,17.520401,14.468723
-1000000000-01-01T00:00:00Z,+1000000000-12-31T23:59:59.999999999Z,18,18,17.570113,14.510389
-1000000000-01-01T00:00:00Z,+1000000000-12-31T23:59:59.999999999Z,18,18,17.619824,14.552055
-1000000000-01-01T00:00:00Z,+1000000000-12-31T23:59:59.999999999Z,18,18,17.669536,14.593721
-1000000000-01-01T00:00:00Z,+1000000000-12-31T23:59:59.999999999Z,18,18,17.719247,14.635387
-1000000000-01-01T00:00:00Z,+1000000000-12-31T23:59:59.999999999Z,18,18,17.768959,14.677053
-1000000000-01-01T00:00:00Z,+1000000000-12-31T23:59:59.999999999Z,18,18,17.818670,14.718719
-1000000000-01-01T00:00:00Z,+1000000000-12-31T23:59:59.999999999Z,18,18,17.868382,14.760385
-1000000000-01-01T00:00:00Z,+1000000000-12-31T23:59:59.999999999Z,18,18,17.918093,14.802051
-1000000000-01-01T00:00:00Z,+1000000000-12-31T23:59:59.999999999Z,18,18,17.967805,14.843717
-1000000000-01-01T00:00:00Z,+1000000000-12-31T23:59:59.999999999Z,18,18,18.017516,14.885383
-1000000000-01-01T00:00:00Z,+1000000000-12-31T23:59:59.999999999Z,18,18,18.067228,14.927048
-1000000000-01-01T00:00:00Z,+1000000000-12-31T23:59:59.999999999Z,18,18,18.116939,14.968714
-1000000000-01-01T00:00:00Z,+1000000000-12-31T23:59:59.999999999Z,18,18,18.166651,15.010380
-1000000000-01-01T00:00:00Z,+1000000000-12-31T23:59:59.999999999Z,18,18,18.216362,15.052046
-1000000000-01-01T00:00:00Z,+1000000000-12-31T23:59:59.999999999Z,18,18,18.266074,15.093712
-1000000000-01-01T00:00:00Z,+1000000000-12-31T23:59:59.999999999Z,18,18,18.315785,15.135378
-1000000000-01-01T00:00:00Z,+1000000000-12-31T23:59:59.999999999Z,18,18,18.365497,15.177044
-1000000000-01-01T00:00:00Z,+1000000000-12-31T23:59:59.999999999Z,18,18,18.415208,15.218710
-1000000000-01-01T00:00:00Z,+1000000000-12-31T23:59:59.999999999Z,18,18,18.464920,15.260376
-1000000000-01-01T00:00:00Z,+1000000000-12-31T23:59:59.999999999Z,18,18,18.514631,15.302042
-1000000000-01-01T00:00:00Z,+1000000000-12-31T23:59:59.999999999Z,18,18,18.551421,15.337271
-1000000000-01-01T00:00:00Z,+1000000000-12-31T23:59:59.999999999Z,18,18,18.567751,15.362305
-1000000000-01-01T00:00:00Z,+1000000000-12-31T23:59:59.999999999Z,18,18,18.584081,15.387340
-1000000000-01-01T00:00:00Z,+1000000000-12-31T23:59:59.999999999Z,18,18,18.600411,15.412375
-1000000000-01-01T00:00:00Z,+1000000000-12-31T23:59:59.999999999Z,18,18,18.616741,15.437410
-1000000000-01-01T00:00:00Z,+1000000000-12-31T23:59:59.999999999Z,18,18,18.633071,15.462445
-1000000000-01-01T00:00:00Z,+1000000000-12-31T23:59:59.999999999Z,18,18,18.649401,15.487480
-1000000000-01-01T00:00:00Z,+1000000000-12-31T23:59:59.999999999Z,18,18,18.665730,15.512515
-1000000000-01-01T00:00:00Z,+1000000000-12-31T23:59:59.999999999Z,18,18,18.682060,15.537550
-1000000000-01-01T00:00:00Z,+1000000000-12-31T23:59:59.999999999Z,18,18,18.698390,15.562585
-1000000000-01-01T00:00:00Z,+1000000000-12-31T23:59:59.999999999Z,18,18,18.714720,15.587620
-1000000000-01-01T00:00:00Z,+1000000000-12-31T23:59:59.999999999Z,18,18,18.731050,15.612655
-1000000000-01-01T00:00:00Z,+1000000000-12-31T23:59:59.999999999Z,18,18,18.747380,15.637690
-1000000000-01-01T00:00:00Z,+1000000000-12-31T23:59:59.999999999Z,18,18,18.763710,15.662725
-1000000000-01-01T00:00:00Z,+1000000000-12-31T23:59:59.999999999Z,18,18,18.780040,15.687759
-1000000000-01-01T00:00:00Z,+1000000000-12-31T23:59:59.999999999Z,18,18,18.796370,15.712794
-1000000000-01-01T00:00:00Z,+1000000000-12-31T23:59:59.999999999Z,18,18,18.812700,15.737829
-1000000000-01-01T00:00:00Z,+1000000000-12-31T23:59:59.999999999Z,18,18,18.829030,15.762864
-1000000000-01-01T00:00:00Z,+1000000000-12-31T23:59:59.999999999Z,18,18,18.845360,15.787899
-1000000000-01-01T00:00:00Z,+1000000000-12-31T23:59:59.999999999Z,18,18,18.861690,15.812934
-1000000000-01-01T00:00:00Z,+1000000000-12-31T23:59:59.999999999Z,18,18,18.878020,15.837969
-1000000000-01-01T00:00:00Z,+1000000000-12-31T23:59:59.999999999Z,18,18,18.894350,15.863004
-1000000000-01-01T00:00:00Z,+1000000000-12-31T23:59:59.999999999Z,18,18,18.910680,15.888039
-1000000000-01-01T00:00:00Z,+1000000000-12-31T23:59:59.999999999Z,18,18,18.927010,15.913074
-1000000000-01-01T00:00:00Z,+1000000000-12-31T23:59:59.999999999Z,18,18,18.943340,15.938109
-1000000000-01-01T00:00:00Z,+1000000000-12-31T23:59:59.999999999Z,18,18,18.959670,15.963144
-1000000000-01-01T00:00:00Z,+1000000000-12-31T23:59:59.999999999Z,18,18,18.975999,15.988179
-1000000000-01-01T00:00:00Z,+1000000000-12-31T23:59:59.999999999Z,18,18,18.992329,16.013213
-1000000000-01-01T00:00:00Z,+1000000000-12-31T23:59:59.999999999Z,18,18,19.008659,16.038248
-1000000000-01-01T00:00:00Z,+1000000000-12-31T23:59:59.999999999Z,18,18,19.024989,16.063283
-1000000000-01-01T00:00:00Z,+1000000000-12-31T23:59:59.999999999Z,18,18,19.041319,16.088318
-1000000000-01-01T00:00:00Z,+1000000000-12-31T23:59:59.999999999Z,18,18,19.057649,16.113353
-1000000000-01-01T00:00:00Z,+1000000000-12-31T23:59:59.999999999Z,18,18,19.076458,16.139800
-1000000000-01-01T00:00:00Z,+1000000000-12-31T23:59:59.999999999Z,18,18,19.118406,16.179429
-1000000000-01-01T00:00:00Z,+1000000000-12-31T23:59:59.999999999Z,18,18,19.160354,16.219057
-1000000000-01-01T00:00:00Z,+1000000000-12-31T23:59:59.999999999Z,18,18,19.202301,16.258686
-1000000000-01-01T00:00:00Z,+1000000000-12-31T23:59:59.999999999Z,18,18,19.244249,16.298314
-1000000000-01-01T00:00:00Z,+1000000000-12-31T23:59:59.999999999Z,18,18,19.286196,16.337943
-1000000000-01-01T00:00:00Z,+1000000000-12-31T23:59:59.999999999Z,18,18,19.328144,16.377571
-1000000000-01-01T00:00:00Z,+1000000000-12-31T23:59:59.999999999Z,18,18,19.370092,16.417200
-1000000000-01-01T00:00:00Z,+1000000000-12-31T23:59:59.999999999Z,18,18,19.412039,16.456828
-1000000000-01-01T00:00:00Z,+1000000000-12-31T23:59:59.999999999Z,18,18,19.453987,16.496457
-1000000000-01-01T00:00:00Z,+1000000000-12-31T23:59:59.999999999Z,18,18,19.495935,16.536085
-1000000000-01-01T00:00:00Z,+1000000000-12-31T23:59:59.999999999Z,18,18,19.537882,16.575714
-1000000000-01-01T00:00:00Z,+1000000000-12-31T23:59:59.999999999Z,18,18,19.579830,16.615342
-1000000000-01-01T00:00:00Z,+1000000000-12-31T23:59:59.999999999Z,18,18,19.621777,16.654971
-1000000000-01-01T00:00:00Z,+1000000000-12-31T23:59:59.999999999Z,18,18,19.663725,16.694599
-1000000000-01-01T00:00:00Z,+1000000000-12-31T23:59:59.999999999Z,18,18,19.705673,16.734227
-1000000000-01-01T00:00:00Z,+1000000000-12-31T23:59:59.999999999Z,18,18,19.747620,16.773856
-1000000000-01-01T00:00:00Z,+1000000000-12-31T23:59:59.999999999Z,18,18,19.789568,16.813484
-1000000000-01-01T00:00:00Z,+1000000000-12-31T23:59:59.999999999Z,18,18,19.831516,16.853113
-1000000000-01-01T00:00:00Z,+1000000000-12-31T23:59:59.999999999Z,18,18,19.873463,16.892741
-1000000000-01-01T00:00:00Z,+1000000000-12-31T23:59:59.999999999Z,18,18,19.915411,16.932370
-1000000000-01-01T00:00:00Z,+1000000000-12-31T23:59:59.999999999Z,18,18,19.957358,16.971998
-1000000000-01-01T00:00:00Z,+1000000000-12-31T23:59:59.999999999Z,18,18,19.999306,17.011627
-1000000000-01-01T00:00:00Z,+1000000000-12-31T23:59:59.999999999Z,18,18,20.041254,17.051255
-1000000000-01-01T00:00:00Z,+1000000000-12-31T23:59:59.999999999Z,18,18,20.083201,17.090884
-1000000000-01-01T00:00:00Z,+1000000000-12-31T23:59:59.999999999Z,18,18,20.125149,17.130512
-1000000000-01-01T00:00:00Z,+1000000000-12-31T23:59:59.999999999Z,18,18,20.167097,17.170141
-1000000000-01-01T00:00:00Z,+1000000000-12-31T23:59:59.999999999Z,18,18,20.209044,17.209769
-1000000000-01-01T00:00:00Z,+1000000000-12-31T23:59:59.999999999Z,18,18,20.250992,17.249398
-1000000000-01-01T00:00:00Z,+1000000000-12-31T23:59:59.999999999Z,18,18,20.292939,17.289026
-1000000000-01-01T00:00:00Z,+1000000000-12-31T23:59:59.999999999Z,18,18,20.334887,17.328655
-1000000000-01-01T00:00:00Z,+1000000000-12-31T23:59:59.999999999Z,18,18,20.376835,17.368283
-1000000000-01-01T00:00:00Z,+1000000000-12-31T23:59:59.999999999Z,18,18,20.418782,17.407912
-1000000000-01-01T00:00:00Z,+1000000000-12-31T23:59:59.999999999Z,18,18,20.441504,17.507937
-1000000000-01-01T00:00:00Z,+1000000000-12-31T23:59:59.999999999Z,18,18,20.459612,17.622458
-1000000000-01-01T00:00:00Z,+1000000000-12-31T23:59:59.999999999Z,18,18,20.477719,17.736979
-1000000000-01-01T00:00:00Z,+1000000000-12-31T23:59:59.999999999Z,18,18,20.495827,17.851501
-1000000000-01-01T00:00:00Z,+1000000000-12-31T23:59:59.999999999Z,18,18,20.513934,17.966022
-1000000000-01-01T00:00:00Z,+1000000000-12-31T23:59:59.999999999Z,18,18,20.532042,18.080543
-1000000000-01-01T00:00:00Z,+1000000000-12-31T23:59:59.999999999Z,18,18,20.550149,18.195064
-1000000000-01-01T00:00:00Z,+1000000000-12-31T23:59:59.999999999Z,18,18,20.568257,18.309585
-1000000000-01-01T00:00:00Z,+1000000000-12-31T23:59:59.999999999Z,18,18,20.586365,18.424106
-1000000000-01-01T00:00:00Z,+1000000000-12-31T23:59:59.999999999Z,18,18,20.604472,18.538627
-1000000000-01-01T00:00:00Z,+1000000000-12-31T23:59:59.999999999Z,18,18,20.622580,18.653148
-1000000000-01-01T00:00:00Z,+1000000000-12-31T23:59:59.999999999Z,18,18,20.640687,18.767669
-1000000000-01-01T00:00:00Z,+1000000000-12-31T23:59:59.999999999Z,18,18,20.658795,18.882190
-1000000000-01-01T00:00:00Z,+1000000000-12-31T23:59:59.999999999Z,18,18,20.676902,18.996711
-1000000000-01-01T00:00:00Z,+1000000000-12-31T23:59:59.999999999Z,18,18,20.695010,19.111232
-1000000000-01-01T00:00:00Z,+1000000000-12-31T23:59:59.999999999Z,18,18,20.713117,19.225753
-1000000000-01-01T00:00:00Z,+1000000000-12-31T23:59:59.999999999Z,18,18,20.731225,19.340275
-1000000000-01-01T00:00:00Z,+1000000000-12-31T23:59:59.999999999Z,18,18,20.749333,19.454796
-1000000000-01-01T00:00:00Z,+1000000000-12-31T23:59:59.999999999Z,18,18,20.767440,19.569317
-1000000000-01-01T00:00:00Z,+1000000000-12-31T23:59:59.999999999Z,18,18,20.785548,19.683838
-1000000000-01-01T00:00:00Z,+1000000000-12-31T23:59:59.999999999Z,18,18,20.803655,19.798359
-1000000000-01-01T00:00:00Z,+1000000000-12-31T23:59:59.999999999Z,18,18,20.821763,19.912880
-1000000000-01-01T00:00:00Z,+1000000000-12-31T23:59:59.999999999Z,18,18,20.839870,20.027401
-1000000000-01-01T00:00:00Z,+1000000000-12-31T23:59:59.999999999Z,18,18,20.857978,20.141922
-1000000000-01-01T00:00:00Z,+1000000000-12-31T23:59:59.999999999Z,18,18,20.876085,20.256443
-1000000000-01-01T00:00:00Z,+1000000000-12-31T23:59:59.999999999Z,18,18,20.894193,20.370964
-1000000000-01-01T00:00:00Z,+1000000000-12-31T23:59:59.999999999Z,18,18,20.912301,20.485485
-1000000000-01-01T00:00:00Z,+1000000000-12-31T23:59:59.999999999Z,18,18,20.930408,20.600006
-1000000000-01-01T00:00:00Z,+1000000000-12-31T23:59:59.999999999Z,18,18,20.948516,20.714527
-1000000000-01-01T00:00:00Z,+1000000000-12-31T23:59:59.999999999Z,18,18,20.966623,20.829049
-1000000000-01-01T00:00:00Z,+1000000000-12-31T23:59:59.999999999Z,18,18,20.984731,20.943570
-1000000000-01-01T00:00:00Z,+1000000000-12-31T23:59:59.999999999Z,18,18,21.002838,21.058091
-1000000000-01-01T00:00:00Z,+1000000000-12-31T23:59:59.999999999Z,18,18,21.019757,21.114735
-1000000000-01-01T00:00:00Z,+1000000000-12-31T23:59:59.999999999Z,18,18,21.035560,21.117119
-1000000000-01-01T00:00:00Z,+1000000000-12-31T23:59:59.999999999Z,18,18,21.051364,21.119504
-1000000000-01-01T00:00:00Z,+1000000000-12-31T23:59:59.999999999Z,18,18,21.067167,21.121888
-1000000000-01-01T00:00:00Z,+1000000000-12-31T23:59:59.999999999Z,18,18,21.082971,21.124272
-1000000000-01-01T00:00:00Z,+1000000000-12-31T23:59:59.999999999Z,18,18,21.098774,21.126657
-1000000000-01-01T00:00:00Z,+1000000000-12-31T23:59:59.999999999Z,18,18,21.114578,21.129041
-1000000000-01-01T00:00:00Z,+1000000000-12-31T23:59:59.999999999Z,18,18,21.130381,21.131426
-1000000000-01-01T00:00:00Z,+1000000000-12-31T23:59:59.999999999Z,18,18,21.146185,21.133810
-1000000000-01-01T00:00:00Z,+1000000000-12-31T23:59:59.999999999Z,18,18,21.161988,21.136195
-1000000000-01-01T00:00:00Z,+1000000000-12-31T23:59:59.999999999Z,18,18,21.177792,21.138579
-1000000000-01-01T00:00:00Z,+1000000000-12-31T23:59:59.999999999Z,18,18,21.193596,21.140963
-1000000000-01-01T00:00:00Z,+1000000000-12-31T23:59:59.999999999Z,18,18,21.209399,21.143348
-1000000000-01-01T00:00:00Z,+1000000000-12-31T23:59:59.999999999Z,18,18,21.225203,21.145732
-1000000000-01-01T00:00:00Z,+1000000000-12-31T23:59:59.999999999Z,18,18,21.241006,21.148117
-1000000000-01-01T00:00:00Z,+1000000000-12-31T23:59:59.999999999Z,18,18,21.256810,21.150501
-1000000000-01-01T00:00:00Z,+1000000000-12-31T23:59:59.999999999Z,18,18,21.272613,21.152886
-1000000000-01-01T00:00:00Z,+1000000000-12-31T23:59:59.999999999Z,18,18,21.288417,21.155270
-1000000000-01-01T00:00:00Z,+1000000000-12-31T23:59:59.999999999Z,18,18,21.304220,21.157654
-1000000000-01-01T00:00:00Z,+1000000000-12-31T23:59:59.999999999Z,18,18,21.320024,21.160039
-1000000000-01-01T00:00:00Z,+1000000000-12-31T23:59:59.999999999Z,18,18,21.335827,21.162423
-1000000000-01-01T00:00:00Z,+1000000000-12-31T23:59:59.999999999Z,18,18,21.351631,21.164808
-1000000000-01-01T00:00:00Z,+1000000000-12-31T23:59:59.999999999Z,18,18,21.367434,21.167192
-1000000000-01-01T00:00:00Z,+1000000000-12-31T23:59:59.999999999Z,18,18,21.383238,21.169577
-1000000000-01-01T00:00:00Z,+1000000000-12-31T23:59:59.999999999Z,18,18,21.399042,21.171961
-1000000000-01-01T00:00:00Z,+1000000000-12-31T23:59:59.999999999Z,18,18,21.414845,21.174345
-1000000000-01-01T00:00:00Z,+1000000000-12-31T23:59:59.999999999Z,18,18,21.430649,21.176730
-1000000000-01-01T00:00:00Z,+1000000000-12-31T23:59:59.999999999Z,18,18,21.446452,21.179114
-1000000000-01-01T00:00:00Z,+1000000000-12-31T23:59:59.999999999Z,18,18,21.462256,21.181499
-1000000000-01-01T00:00:00Z,+1000000000-12-31T23:59:59.999999999Z,18,18,21.478059,21.183883
-1000000000-01-01T00:00:00Z,+1000000000-12-31T23:59:59.999999999Z,18,18,21.493863,21.186268
-1000000000-01-01T00:00:00Z,+1000000000-12-31T23:59:59.999999999Z,18,18,21.509666,21.188652
-1000000000-01-01T00:00:00Z,+1000000000-12-31T23:59:59.999999999Z,18,18,21.523219,21.195615
-1000000000-01-01T00:00:00Z,+1000000000-12-31T23:59:59.999999999Z,18,18,21.529057,21.218278
-1000000000-01-01T00:00:00Z,+1000000000-12-31T23:59:59.999999999Z,18,18,21.534895,21.240941
-1000000000-01-01T00:00:00Z,+1000000000-12-31T23:59:59.999999999Z,18,18,21.540732,21.263604
-1000000000-01-01T00:00:00Z,+1000000000-12-31T23:59:59.999999999Z,18,18,21.546570,21.286267
-1000000000-01-01T00:00:00Z,+1000000000-12-31T23:59:59.999999999Z,18,18,21.552408,21.308930
-1000000000-01-01T00:00:00Z,+1000000000-12-31T23:59:59.999999999Z,18,18,21.558245,21.331593
-1000000000-01-01T00:00:00Z,+1000000000-12-31T23:59:59.999999999Z,18,18,21.564083,21.354256
-1000000000-01-01T00:00:00Z,+1000000000-12-31T23:59:59.999999999Z,18,18,21.569921,21.376919
-1000000000-01-01T00:00:00Z,+1000000000-12-31T23:59:59.999999999Z,18,18,21.575758,21.399583
-1000000000-01-01T00:00:00Z,+1000000000-12-31T23:59:59.999999999Z,18,18,21.581596,21.422246
-1000000000-01-01T00:00:00Z,+1000000000-12-31T23:59:59.999999999Z,18,18,21.587434,21.444909
-1000000000-01-01T00:00:00Z,+1000000000-12-31T23:59:59.999999999Z,18,18,21.593271,21.467572
-1000000000-01-01T00:00:00Z,+1000000000-12-31T23:59:59.999999999Z,18,18,21.599109,21.490235
-1000000000-01-01T00:00:00Z,+1000000000-12-31T23:59:59.999999999Z,18,18,21.604947,21.512898
-1000000000-01-01T00:00:00Z,+1000000000-12-31T23:59:59.999999999Z,18,18,21.610784,21.535561
-1000000000-01-01T00:00:00Z,+1000000000-12-31T23:59:59.999999999Z,18,18,21.616622,21.558224
-1000000000-01-01T00:00:00Z,+1000000000-12-31T23:59:59.999999999Z,18,18,21.622460,21.580887
-1000000000-01-01T00:00:00Z,+1000000000-12-31T23:59:59.999999999Z,18,18,21.628297,21.603550
-1000000000-01-01T00:00:00Z,+1000000000-12-31T23:59:59.999999999Z,18,18,21.634135,21.626213
-1000000000-01-01T00:00:00Z,+1000000000-12-31T23:59:59.999999999Z,18,18,21.639972,21.648876
-1000000000-01-01T00:00:00Z,+1000000000-12-31T23:59:59.999999999Z,18,18,21.645810,21.671539
-1000000000-01-01T00:00:00Z,+1000000000-12-31T23:59:59.999999999Z,18,18,21.651648,21.694202
-1000000000-01-01T00:00:00Z,+1000000000-12-31T23:59:59.999999999Z,18,18,21.657485,21.716865
-1000000000-01-01T00:00:00Z,+1000000000-12-31T23:59:59.999999999Z,18,18,21.663323,21.739528
-1000000000-01-01T00:00:00Z,+1000000000-12-31T23:59:59.999999999Z,18,18,21.669161,21.762191
-1000000000-01-01T00:00:00Z,+1000000000-12-31T23:59:59.999999999Z,18,18,21.674998,21.784854
-1000000000-01-01T00:00:00Z,+1000000000-12-31T23:59:59.999999999Z,18,18,21.680836,21.807517
-1000000000-01-01T00:00:00Z,+1000000000-12-31T23:59:59.999999999Z,18,18,21.686674,21.830180
-1000000000-01-01T00:00:00Z,+1000000000-12-31T23:59:59.999999999Z,18,18,21.692511,21.852843
-1000000000-01-01T00:00:00Z,+1000000000-12-31T23:59:59.999999999Z,18,18,21.698349,21.875506
-1000000000-01-01T00:00:00Z,+1000000000-12-31T23:59:59.999999999Z,18,18,21.704187,21.898169
-1000000000-01-01T00:00:00Z,+1000000000-12-31T23:59:59.999999999Z,18,18,21.710024,21.920832
-1000000000-01-01T00:00:00Z,+1000000000-12-31T23:59:59.999999999Z,18,18,21.726512,21.925908
-1000000000-01-01T00:00:00Z,+1000000000-12-31T23:59:59.999999999Z,18,18,21.743734,21.929772
-1000000000-01-01T00:00:00Z,+1000000000-12-31T23:59:59.999999999Z,18,18,21.760955,21.933635
-1000000000-01-01T00:00:00Z,+1000000000-12-31T23:59:59.999999999Z,18,18,21.778177,21.937499
-1000000000-01-01T00:00:00Z,+1000000000-12-31T23:59:59.999999999Z,18,18,21.795399,21.941362
-1000000000-01-01T00:00:00Z,+1000000000-12-31T23:59:59.999999999Z,18,18,21.812621,21.945226
-1000000000-01-01T00:00:00Z,+1000000000-12-31T23:59:59.999999999Z,18,18,21.829843,21.949089
-1000000000-01-01T00:00:00Z,+1000000000-12-31T23:59:59.999999999Z,18,18,21.847065,21.952953
-1000000000-01-01T00:00:00Z,+1000000000-12-31T23:59:59.999999999Z,18,18,21.864287,21.956817
-1000000000-01-01T00:00:00Z,+1000000000-12-31T23:59:59.999999999Z,18,18,21.881509,21.960680
-1000000000-01-01T00:00:00Z,+1000000000-12-31T23:59:59.999999999Z,18,18,21.898730,21.964544
-1000000000-01-01T00:00:00Z,+1000000000-12-31T23:59:59.999999999Z,18,18,21.915952,21.968407
-1000000000-01-01T00:00:00Z,+1000000000-12-31T23:59:59.999999999Z,18,18,21.933174,21.972271
-1000000000-01-01T00:00:00Z,+1000000000-12-31T23:59:59.999999999Z,18,18,21.950396,21.976134
-1000000000-01-01T00:00:00Z,+1000000000-12-31T23:59:59.999999999Z,18,18,21.967618,21.979998
-1000000000-01-01T00:00:00Z,+1000000000-12-31T23:59:59.999999999Z,18,18,21.984840,21.983861
-1000000000-01-01T00:00:00Z,+1000000000-12-31T23:59:59.999999999Z,18,18,22.002062,21.987725
-1000000000-01-01T00:00:00Z,+1000000000-12-31T23:59:59.999999999Z,18,18,22.019284,21.991588
-1000000000-01-01T00:00:00Z,+1000000000-12-31T23:59:59.999999999Z,18,18,22.036506,21.995452
-1000000000-01-01T00:00:00Z,+1000000000-12-31T23:59:59.999999999Z,18,18,22.053727,21.999316
-1000000000-01-01T00:00:00Z,+1000000000-12-31T23:59:59.999999999Z,18,18,22.070949,22.003179
-1000000000-01-01T00:00:00Z,+1000000000-12-31T23:59:59.999999999Z,18,18,22.088171,22.007043
-1000000000-01-01T00:00:00Z,+1000000000-12-31T23:59:59.999999999Z,18,18,22.105393,22.010906
-1000000000-01-01T00:00:00Z,+1000000000-12-31T23:59:59.999999999Z,18,18,22.122615,22.014770
-1000000000-01-01T00:00:00Z,+1000000000-12-31T23:59:59.999999999Z,18,18,22.139837,22.018633
-1000000000-01-01T00:00:00Z,+1000000000-12-31T23:59:59.999999999Z,18,18,22.157059,22.022497
-1000000000-01-01T00:00:00Z,+1000000000-12-31T23:59:59.999999999Z,18,18,22.174281,22.026360
-1000000000-01-01T00:00:00Z,+1000000000-12-31T23:59:59.999999999Z,18,18,22.191502,22.030224
-1000000000-01-01T00:00:00Z,+1000000000-12-31T23:59:59.999999999Z,18,18,22.208724,22.034087
-1000000000-01-01T00:00:00Z,+1000000000-12-31T23:59:59.999999999Z,18,18,22.225946,22.037951
-1000000000-01-01T00:00:00Z,+1000000000-12-31T23:59:59.999999999Z,18,18,22.243168,22.041814
-1000000000-01-01T00:00:00Z,+1000000000-12-31T23:59:59.999999999Z,18,18,22.260390,22.045678
-1000000000-01-01T00:00:00Z,+1000000000-12-31T23:59:59.999999999Z,18,18,22.272755,22.067948
-1000000000-01-01T00:00:00Z,+1000000000-12-31T23:59:59.999999999Z,18,18,22.282448,22.100341
-1000000000-01-01T00:00:00Z,+1000000000-12-31T23:59:59.999999999Z,18,18,22.292141,22.132733
-1000000000-01-01T00:00:00Z,+1000000000-12-31T23:59:59.999999999Z,18,18,22.301835,22.165126
-1000000000-01-01T00:00:00Z,+1000000000-12-31T23:59:59.999999999Z,18,18,22.311528,22.197519
-1000000000-01-01T00:00:00Z,+1000000000-12-31T23:59:59.999999999Z,18,18,22.321221,22.229912
-1000000000-01-01T00:00:00Z,+1000000000-12-31T23:59:59.999999999Z,18,18,22.330914,22.262305
-1000000000-01-01T00:00:00Z,+1000000000-12-31T23:59:59.999999999Z,18,18,22.340608,22.294698
-1000000000-01-01T00:00:00Z,+1000000000-12-31T23:59:59.999999999Z,18,18,22.350301,22.327091
-1000000000-01-01T00:00:00Z,+1000000000-12-31T23:59:59.999999999Z,18,18,22.359994,22.359484
-1000000000-01-01T00:00:00Z,+1000000000-12-31T23:59:59.999999999Z,18,18,22.369687,22.391877
-1000000000-01-01T00:00:00Z,+1000000000-12-31T23:59:59.999999999Z,18,18,22.379381,22.424270
-1000000000-01-01T00:00:00Z,+1000000000-12-31T23:59:59.999999999Z,18,18,22.389074,22.456663
-1000000000-01-01T00:00:00Z,+1000000000-12-31T23:59:59.999999999Z,18,18,22.398767,22.489055
-1000000000-01-01T00:00:00Z,+1000000000-12-31T23:59:59.999999999Z,18,18,22.408461,22.521448
-1000000000-01-01T00:00:00Z,+1000000000-12-31T23:59:59.999999999Z,18,18,22.418154,22.553841
-1000000000-01-01T00:00:00Z,+1000000000-12-31T23:59:59.999999999Z,18,18,22.427847,22.586234
-1000000000-01-01T00:00:00Z,+1000000000-12-31T23:59:59.999999999Z,18,18,22.437540,22.618627
-1000000000-01-01T00:00:00Z,+1000000000-12-31T23:59:59.999999999Z,18,18,22.447234,22.651020
-1000000000-01-01T00:00:00Z,+1000000000-12-31T23:59:59.999999999Z,18,18,22.456927,22.683413
-1000000000-01-01T00:00:00Z,+1000000000-12-31T23:59:59.999999999Z,18,18,22.466620,22.715806
-1000000000-01-01T00:00:00Z,+1000000000-12-31T23:59:59.999999999Z,18,18,22.476313,22.748199
-1000000000-01-01T00:00:00Z,+1000000000-12-31T23:59:59.999999999Z,18,18,22.486007,22.780592
-1000000000-01-01T00:00:00Z,+1000000000-12-31T23:59:59.999999999Z,18,18,22.495700,22.812985
-1000000000-01-01T00:00:00Z,+1000000000-12-31T23:59:59.999999999Z,18,18,22.505393,22.845378
-1000000000-01-01T00:00:00Z,+1000000000-12-31T23:59:59.999999999Z,18,18,22.515086,22.877770
-1000000000-01-01T00:00:00Z,+1000000000-12-31T23:59:59.999999999Z,18,18,22.524780,22.910163
-1000000000-01-01T00:00:00Z,+1000000000-12-31T23:59:59.999999999Z,18,18,22.534473,22.942556
-1000000000-01-01T00:00:00Z,+1000000000-12-31T23:59:59.999999999Z,18,18,22.544166,22.974949
-1000000000-01-01T00:00:00Z,+1000000000-12-31T23:59:59.999999999Z,18,18,22.553860,23.007342
-1000000000-01-01T00:00:00Z,+1000000000-12-31T23:59:59.999999999Z,18,18,22.563553,23.039735
-1000000000-01-01T00:00:00Z,+1000000000-12-31T23:59:59.999999999Z,18,18,22.573246,23.072128
-1000000000-01-01T00:00:00Z,+1000000000-12-31T23:59:59.999999999Z,18,18,22.593475,23.093808
-1000000000-01-01T00:00:00Z,+1000000000-12-31T23:59:59.999999999Z,18,18,22.632858,23.096010
-1000000000-01-01T00:00:00Z,+1000000000-12-31T23:59:59.999999999Z,18,18,22.672241,23.098211
-1000000000-01-01T00:00:00Z,+1000000000-12-31T23:59:59.999999999Z,18,18,22.711625,23.100413
-1000000000-01-01T00:00:00Z,+1000000000-12-31T23:59:59.999999999Z,18,18,22.751008,23.102615
-1000000000-01-01T00:00:00Z,+1000000000-12-31T23:59:59.999999999Z,18,18,22.790391,23.104817
-1000000000-01-01T00:00:00Z,+1000000000-12-31T23:59:59.999999999Z,18,18,22.829775,23.107018
-1000000000-01-01T00:00:00Z,+1000000000-12-31T23:59:59.999999999Z,18,18,22.869158,23.109220
-1000000000-01-01T00:00:00Z,+1000000000-12-31T23:59:59.999999999Z,18,18,22.908541,23.111422
-1000000000-01-01T00:00:00Z,+1000000000-12-31T23:59:59.999999999Z,18,18,22.947925,23.113624
-1000000000-01-01T00:00:00Z,+1000000000-12-31T23:59:59.999999999Z,18,18,22.987308,23.115826
-1000000000-01-01T00:00:00Z,+1000000000-12-31T23:59:59.999999999Z,18,18,23.026691,23.118027
-1000000000-01-01T00:00:00Z,+1000000000-12-31T23:59:59.999999999Z,18,18,23.066075,23.120229
-1000000000-01-01T00:00:00Z,+1000000000-12-31T23:59:59.999999999Z,18,18,23.105458,23.122431
-1000000000-01-01T00:00:00Z,+1000000000-12-31T23:59:59.999999999Z,18,18,23.144841,23.124633
-1000000000-01-01T00:00:00Z,+1000000000-12-31T23:59:59.999999999Z,18,18,23.184225,23.126834
-1000000000-01-01T00:00:00Z,+1000000000-12-31T23:59:59.999999999Z,18,18,23.223608,23.129036
-1000000000-01-01T00:00:00Z,+1000000000-12-31T23:59:59.999999999Z,18,18,23.262992,23.131238
-1000000000-01-01T00:00:00Z,+1000000000-12-31T23:59:59.999999999Z,18,18,23.302375,23.133440
-1000000000-01-01T00:00:00Z,+1000000000-12-31T23:59:59.999999999Z,18,18,23.341758,23.135641
-1000000000-01-01T00:00:00Z,+1000000000-12-31T23:59:59.999999999Z,18,18,23.381142,23.137843
-1000000000-01-01T00:00:00Z,+1000000000-12-31T23:59:59.999999999Z,18,18,23.420525,23.140045
-1000000000-01-01T00:00:00Z,+1000000000-12-31T23:59:59.999999999Z,18,18,23.459908,23.142247
-1000000000-01-01T00:00:00Z,+1000000000-12-31T23:59:59.999999999Z,18,18,23.499292,23.144449
-1000000000-01-01T00:00:00Z,+1000000000-12-31T23:59:59.999999999Z,18,18,23.538675,23.146650
-1000000000-01-01T00:00:00Z,+1000000000-12-31T23:59:59.999999999Z,18,18,23.578058,23.148852
-1000000000-01-01T00:00:00Z,+1000000000-12-31T23:59:59.999999999Z,18,18,23.617442,23.151054
-1000000000-01-01T00:00:00Z,+1000000000-12-31T23:59:59.999999999Z,18,18,23.656825,23.153256
-1000000000-01-01T00:00:00Z,+1000000000-12-31T23:59:59.999999999Z,18,18,23.696208,23.155457
-1000000000-01-01T00:00:00Z,+1000000000-12-31T23:59:59.999999999Z,18,18,23.735592,23.157659
-1000000000-01-01T00:00:00Z,+1000000000-12-31T23:59:59.999999999Z,18,18,23.774975,23.159861
-1000000000-01-01T00:00:00Z,+1000000000-12-31T23:59:59.999999999Z,18,18,23.814358,23.162063
-1000000000-01-01T00:00:00Z,+1000000000-12-31T23:59:59.999999999Z,18,18,23.852663,23.164287
-1000000000-01-01T00:00:00Z,+1000000000-12-31T23:59:59.999999999Z,18,18,23.875323,23.166843
-1000000000-01-01T00:00:00Z,+1000000000-12-31T23:59:59.999999999Z,18,18,23.897983,23.169398
-1000000000-01-01T00:00:00Z,+1000000000-12-31T23:59:59.999999999Z,18,18,23.920643,23.171953
-1000000000-01-01T00:00:00Z,+1000000000-12-31T23:59:59.999999999Z,18,18,23.943303,23.174509
-1000000000-01-01T00:00:00Z,+1000000000-12-31T23:59:59.999999999Z,18,18,23.965963,23.177064
-1000000000-01-01T00:00:00Z,+1000000000-12-31T23:59:59.999999999Z,18,18,23.988623,23.179619
-1000000000-01-01T00:00:00Z,+1000000000-12-31T23:59:59.999999999Z,18,18,24.011283,23.182175
-1000000000-01-01T00:00:00Z,+1000000000-12-31T23:59:59.999999999Z,18,18,24.033943,23.184730
-1000000000-01-01T00:00:00Z,+1000000000-12-31T23:59:59.999999999Z,18,18,24.056603,23.187285
-1000000000-01-01T00:00:00Z,+1000000000-12-31T23:59:59.999999999Z,18,18,24.079263,23.189841
-1000000000-01-01T00:00:00Z,+1000000000-12-31T23:59:59.999999999Z,18,18,24.101923,23.192396
-1000000000-01-01T00:00:00Z,+1000000000-12-31T23:59:59.999999999Z,18,18,24.124583,23.194951
-1000000000-01-01T00:00:00Z,+1000000000-12-31T23:59:59.999999999Z,18,18,24.147243,23.197507
-1000000000-01-01T00:00:00Z,+1000000000-12-31T23:59:59.999999999Z,18,18,24.169903,23.200062
-1000000000-01-01T00:00:00Z,+1000000000-12-31T23:59:59.999999999Z,18,18,24.192563,23.202617
-1000000000-01-01T00:00:00Z,+1000000000-12-31T23:59:59.999999999Z,18,18,24.215223,23.205172
-1000000000-01-01T00:00:00Z,+1000000000-12-31T23:59:59.999999999Z,18,18,24.237883,23.207728
-1000000000-01-01T00:00:00Z,+1000000000-12-31T23:59:59.999999999Z,18,18,24.260543,23.210283
-1000000000-01-01T00:00:00Z,+1000000000-12-31T23:59:59.999999999Z,18,18,24.283203,23.212838
-1000000000-01-01T00:00:00Z,+1000000000-12-31T23:59:59.999999999Z,18,18,24.305863,23.215394
-1000000000-01-01T00:00:00Z,+1000000000-12-31T23:59:59.999999999Z,18,18,24.328523,23.217949
-1000000000-01-01T00:00:00Z,+1000000000-12-31T23:59:59.999999999Z,18,18,24.351183,23.220504
-1000000000-01-01T00:00:00Z,+1000000000-12-31T23:59:59.999999999Z,18,18,24.373843,23.223060
-1000000000-01-01T00:00:00Z,+1000000000-12-31T23:59:59.999999999Z,18,18,24.396503,23.225615
-1000000000-01-01T00:00:00Z,+1000000000-12-31T23:59:59.999999999Z,18,18,24.419163,23.228170
-1000000000-01-01T00:00:00Z,+1000000000-12-31T23:59:59.999999999Z,18,18,24.441823,23.230726
-1000000000-01-01T00:00:00Z,+1000000000-12-31T23:59:59.999999999Z,18,18,24.464483,23.233281
-1000000000-01-01T00:00:00Z,+1000000000-12-31T23:59:59.999999999Z,18,18,24.487143,23.235836
-1000000000-01-01T00:00:00Z,+1000000000-12-31T23:59:59.999999999Z,18,18,24.509803,23.238392
-1000000000-01-01T00:00:00Z,+1000000000-12-31T23:59:59.999999999Z,18,18,24.532463,23.240947
-1000000000-01-01T00:00:00Z,+1000000000-12-31T23:59:59.999999999Z,18,18,24.555123,23.243502
-1000000000-01-01T00:00:00Z,+1000000000-12-31T23:59:59.999999999Z,18,18,24.577783,23.246058
-1000000000-01-01T00:00:00Z,+1000000000-12-31T23:59:59.999999999Z,18,18,24.585861,23.283916
-1000000000-01-01T00:00:00Z,+1000000000-12-31T23:59:59.999999999Z,18,18,24.589686,23.332071
-1000000000-01-01T00:00:00Z,+1000000000-12-31T23:59:59.999999999Z,18,18,24.593510,23.380227
-1000000000-01-01T00:00:00Z,+1000000000-12-31T23:59:59.999999999Z,18,18,24.597335,23.428382
-1000000000-01-01T00:00:00Z,+1000000000-12-31T23:59:59.999999999Z,18,18,24.601160,23.476537
-1000000000-01-01T00:00:00Z,+1000000000-12-31T23:59:59.999999999Z,18,18,24.604984,23.524692
-1000000000-01-01T00:00:00Z,+1000000000-12-31T23:59:59.999999999Z,18,18,24.608809,23.572847
-1000000000-01-01T00:00:00Z,+1000000000-12-31T23:59:59.999999999Z,18,18,24.612634,23.621003
-1000000000-01-01T00:00:00Z,+1000000000-12-31T23:59:59.999999999Z,18,18,24.616459,23.669158
-1000000000-01-01T00:00:00Z,+1000000000-12-31T23:59:59.999999999Z,18,18,24.620283,23.717313
-1000000000-01-01T00:00:00Z,+1000000000-12-31T23:59:59.999999999Z,18,18,24.624108,23.765468
-1000000000-01-01T00:00:00Z,+1000000000-12-31T23:59:59.999999999Z,18,18,24.627933,23.813623
-1000000000-01-01T00:00:00Z,+1000000000-12-31T23:59:59.999999999Z,18,18,24.631757,23.861779
-1000000000-01-01T00:00:00Z,+1000000000-12-31T23:59:59.999999999Z,18,18,24.635582,23.909934
-1000000000-01-01T00:00:00Z,+1000000000-12-31T23:59:59.999999999Z,18,18,24.639407,23.958089
-1000000000-01-01T00:00:00Z,+1000000000-12-31T23:59:59.999999999Z,18,18,24.643231,24.006244
-1000000000-01-01T00:00:00Z,+1000000000-12-31T23:59:59.999999999Z,18,18,24.647056,24.054399
-1000000000-01-01T00:00:00Z,+1000000000-12-31T23:59:59.999999999Z,18,18,24.650881,24.102555
-1000000000-01-01T00:00:00Z,+1000000000-12-31T23:59:59.999999999Z,18,18,24.654706,24.150710
-1000000000-01-01T00:00:00Z,+1000000000-12-31T23:59:59.999999999Z,18,18,24.658530,24.198865
-1000000000-01-01T00:00:00Z,+1000000000-12-31T23:59:59.999999999Z,18,18,24.662355,24.247020
-1000000000-01-01T00:00:00Z,+1000000000-12-31T23:59:59.999999999Z,18,18,24.666180,24.295175
-1000000000-01-01T00:00:00Z,+1000000000-12-31T23:59:59.999999999Z,18,18,24.670004,24.343331
-1000000000-01-01T00:00:00Z,+1000000000-12-31T23:59:59.999999999Z,18,18,24.673829,24.391486
-1000000000-01-01T00:00:00Z,+1000000000-12-31T23:59:59.999999999Z,18,18,24.677654,24.439641
-1000000000-01-01T00:00:00Z,+1000000000-12-31T23:59:59.999999999Z,18,18,24.681479,24.487796
-1000000000-01-01T00:00:00Z,+1000000000-12-31T23:59:59.999999999Z,18,18,24.685303,24.535951
-1000000000-01-01T00:00:00Z,+1000000000-12-31T23:59:59.999999999Z,18,18,24.689128,24.584107
-1000000000-01-01T00:00:00Z,+1000000000-12-31T23:59:59.999999999Z,18,18,24.692953,24.632262
-1000000000-01-01T00:00:00Z,+1000000000-12-31T23:59:59.999999999Z,18,18,24.696777,24.680417
-1000000000-01-01T00:00:00Z,+1000000000-12-31T23:59:59.999999999Z,18,18,24.700602,24.728572
-1000000000-01-01T00:00:00Z,+1000000000-12-31T23:59:59.999999999Z,18,18,24.704427,24.776727
-1000000000-01-01T00:00:00Z,+1000000000-12-31T23:59:59.999999999Z,18,18,24.723656,24.802321
-1000000000-01-01T00:00:00Z,+1000000000-12-31T23:59:59.999999999Z,18,18,24.759317,24.803848
-1000000000-01-01T00:00:00Z,+1000000000-12-31T23:59:59.999999999Z,18,18,24.794978,24.805375
-1000000000-01-01T00:00:00Z,+1000000000-12-31T23:59:59.999999999Z,18,18,24.830639,24.806902
-1000000000-01-01T00:00:00Z,+1000000000-12-31T23:59:59.999999999Z,18,18,24.866300,24.808430
-1000000000-01-01T00:00:00Z,+1000000000-12-31T23:59:59.999999999Z,18,18,24.901960,24.809957
-1000000000-01-01T00:00:00Z,+1000000000-12-31T23:59:59.999999999Z,18,18,24.937621,24.811484
-1000000000-01-01T00:00:00Z,+1000000000-12-31T23:59:59.999999999Z,18,18,24.973282,24.813012
-1000000000-01-01T00:00:00Z,+1000000000-12-31T23:59:59.999999999Z,18,18,25.008943,24.814539
-1000000000-01-01T00:00:00Z,+1000000000-12-31T23:59:59.999999999Z,18,18,25.044604,24.816066
-1000000000-01-01T00:00:00Z,+1000000000-12-31T23:59:59.999999999Z,18,18,25.080265,24.817593
-1000000000-01-01T00:00:00Z,+1000000000-12-31T23:59:59.999999999Z,18,18,25.115925,24.819121
-1000000000-01-01T00:00:00Z,+1000000000-12-31T23:59:59.999999999Z,18,18,25.151586,24.820648
-1000000000-01-01T00:00:00Z,+1000000000-12-31T23:59:59.999999999Z,18,18,25.187247,24.822175
-1000000000-01-01T00:00:00Z,+1000000000-12-31T23:59:59.999999999Z,18,18,25.222908,24.823703
-1000000000-01-01T00:00:00Z,+1000000000-12-31T23:59:59.999999999Z,18,18,25.258569,24.825230
-1000000000-01-01T00:00:00Z,+1000000000-12-31T23:59:59.999999999Z,18,18,25.294230,24.826757
-1000000000-01-01T00:00:00Z,+1000000000-12-31T23:59:59.999999999Z,18,18,25.329891,24.828284
-1000000000-01-01T00:00:00Z,+1000000000-12-31T23:59:59.999999999Z,18,18,25.365551,24.829812
-1000000000-01-01T00:00:00Z,+1000000000-12-31T23:59:59.999999999Z,18,18,25.401212,24.831339
-1000000000-01-01T00:00:00Z,+1000000000-12-31T23:59:59.999999999Z,18,18,25.436873,24.832866
-1000000000-01-01T00:00:00Z,+1000000000-12-31T23:59:59.999999999Z,18,18,25.472534,24.834393
-1000000000-01-01T00:00:00Z,+1000000000-12-31T23:59:59.999999999Z,18,18,25.508195,24.835921
-1000000000-01-01T00:00:00Z,+1000000000-12-31T23:59:59.999999999Z,18,18,25.543856,24.837448
-1000000000-01-01T00:00:00Z,+1000000000-12-31T23:59:59.999999999Z,18,18,25.579517,24.838975
-1000000000-01-01T00:00:00Z,+1000000000-12-31T23:59:59.999999999Z,18,18,25.615177,24.840503
-1000000000-01-01T00:00:00Z,+1000000000-12-31T23:59:59.999999999Z,18,18,25.650838,24.842030
-1000000000-01-01T00:00:00Z,+1000000000-12-31T23:59:59.999999999Z,18,18,25.686499,24.843557
-1000000000-01-01T00:00:00Z,+1000000000-12-31T23:59:59.999999999Z,18,18,25.722160,24.845084
-1000000000-01-01T00:00:00Z,+1000000000-12-31T23:59:59.999999999Z,18,18,25.757821,24.846612
-1000000000-01-01T00:00:00Z,+1000000000-12-31T23:59:59.999999999Z,18,18,25.793482,24.848139
-1000000000-01-01T00:00:00Z,+1000000000-12-31T23:59:59.999999999Z,18,18,25.829142,24.849666
-1000000000-01-01T00:00:00Z,+1000000000-12-31T23:59:59.999999999Z,18,18,25.861106,24.859036
-1000000000-01-01T00:00:00Z,+1000000000-12-31T23:59:59.999999999Z,18,18,25.877665,24.901083
-1000000000-01-01T00:00:00Z,+1000000000-12-31T23:59:59.999999999Z,18,18,25.894224,24.943131
-1000000000-01-01T00:00:00Z,+1000000000-12-31T23:59:59.999999999Z,18,18,25.910783,24.985178
-1000000000-01-01T00:00:00Z,+1000000000-12-31T23:59:59.999999999Z,18,18,25.927343,25.027225
-1000000000-01-01T00:00:00Z,+1000000000-12-31T23:59:59.999999999Z,18,18,25.943902,25.069272
-1000000000-01-01T00:00:00Z,+1000000000-12-31T23:59:59.999999999Z,18,18,25.960461,25.111319
-1000000000-01-01T00:00:00Z,+1000000000-12-31T23:59:59.999999999Z,18,18,25.977020,25.153367
-1000000000-01-01T00:00:00Z,+1000000000-12-31T23:59:59.999999999Z,18,18,25.993579,25.195414
-1000000000-01-01T00:00:00Z,+1000000000-12-31T23:59:59.999999999Z,18,18,26.010138,25.237461
-1000000000-01-01T00:00:00Z,+1000000000-12-31T23:59:59.999999999Z,18,18,26.026697,25.279508
-1000000000-01-01T00:00:00Z,+1000000000-12-31T23:59:59.999999999Z,18,18,26.043256,25.321556
-1000000000-01-01T00:00:00Z,+1000000000-12-31T23:59:59.999999999Z,18,18,26.059815,25.363603
-1000000000-01-01T00:00:00Z,+1000000000-12-31T23:59:59.999999999Z,18,18,26.076374,25.405650
-1000000000-01-01T00:00:00Z,+1000000000-12-31T23:59:59.999999999Z,18,18,26.092933,25.447697
-1000000000-01-01T00:00:00Z,+1000000000-12-31T23:59:59.999999999Z,18,18,26.109492,25.489744
-1000000000-01-01T00:00:00Z,+1000000000-12-31T23:59:59.999999999Z,18,18,26.126052,25.531792
-1000000000-01-01T00:00:00Z,+1000000000-12-31T23:59:59.999999999Z,18,18,26.142611,25.573839
-1000000000-01-01T00:00:00Z,+1000000000-12-31T23:59:59.999999999Z,18,18,26.159170,25.615886
-1000000000-01-01T00:00:00Z,+1000000000-12-31T23:59:59.999999999Z,18,18,26.175729,25.657933
-1000000000-01-01T00:00:00Z,+1000000000-12-31T23:59:59.999999999Z,18,18,26.192288,25.699981
-1000000000-01-01T00:00:00Z,+1000000000-12-31T23:59:59.999999999Z,18,18,26.208847,25.742028
-1000000000-01-01T00:00:00Z,+1000000000-12-31T23:59:59.999999999Z,18,18,26.225406,25.784075
-1000000000-01-01T00:00:00Z,+1000000000-12-31T23:59:59.999999999Z,18,18,26.241965,25.826122
-1000000000-01-01T00:00:00Z,+1000000000-12-31T23:59:59.999999999Z,18,18,26.258524,25.868169
-1000000000-01-01T00:00:00Z,+1000000000-12-31T23:59:59.999999999Z,18,18,26.275083,25.910217
-1000000000-01-01T00:00:00Z,+1000000000-12-31T23:59:59.999999999Z,18,18,26.291642,25.952264
-1000000000-01-01T00:00:00Z,+1000000000-12-31T23:59:59.999999999Z,18,18,26.308202,25.994311
-1000000000-01-01T00:00:00Z,+1000000000-12-31T23:59:59.999999999Z,18,18,26.324761,26.036358
-1000000000-01-01T00:00:00Z,+1000000000-12-31T23:59:59.999999999Z,18,18,26.341320,26.078406
-1000000000-01-01T00:00:00Z,+1000000000-12-31T23:59:59.999999999Z,18,18,26.357879,26.120453
-1000000000-01-01T00:00:00Z,+1000000000-12-31T23:59:59.999999999Z,18,18,26.374438,26.162500
-1000000000-01-01T00:00:00Z,+1000000000-12-31T23:59:59.999999999Z,18,18,26.390997,26.204547
-1000000000-01-01T00:00:00Z,+1000000000-12-31T23:59:59.999999999Z,18,18,26.400681,26.224878
-1000000000-01-01T00:00:00Z,+1000000000-12-31T23:59:59.999999999Z,18,18,26.409628,26.242881
-1000000000-01-01T00:00:00Z,+1000000000-12-31T23:59:59.999999999Z,18,18,26.418575,26.260885
-1000000000-01-01T00:00:00Z,+1000000000-12-31T23:59:59.999999999Z,18,18,26.427522,26.278889
-1000000000-01-01T00:00:00Z,+1000000000-12-31T23:59:59.999999999Z,18,18,26.436469,26.296892
-1000000000-01-01T00:00:00Z,+1000000000-12-31T23:59:59.999999999Z,18,18,26.445416,26.314896
-1000000000-01-01T00:00:00Z,+1000000000-12-31T23:59:59.999999999Z,18,18,26.454363,26.332899
-1000000000-01-01T00:00:00Z,+1000000000-12-31T23:59:59.999999999Z,18,18,26.463310,26.350903
-1000000000-01-01T00:00:00Z,+1000000000-12-31T23:59:59.999999999Z,18,18,26.472257,26.368907
-1000000000-01-01T00:00:00Z,+1000000000-12-31T23:59:59.999999999Z,18,18,26.481204,26.386910
-1000000000-01-01T00:00:00Z,+1000000000-12-31T23:59:59.999999999Z,18,18,26.490151,26.404914
-1000000000-01-01T00:00:00Z,+1000000000-12-31T23:59:59.999999999Z,18,18,26.499098,26.422918
-1000000000-01-01T00:00:00Z,+1000000000-12-31T23:59:59.999999999Z,18,18,26.508045,26.440921
-1000000000-01-01T00:00:00Z,+1000000000-12-31T23:59:59.999999999Z,18,18,26.516992,26.458925
-1000000000-01-01T00:00:00Z,+1000000000-12-31T23:59:59.999999999Z,18,18,26.525939,26.476928
-1000000000-01-01T00:00:00Z,+1000000000-12-31T23:59:59.999999999Z,18,18,26.534886,26.494932
-1000000000-01-01T00:00:00Z,+1000000000-12-31T23:59:59.999999999Z,18,18,26.543833,26.512936
-1000000000-01-01T00:00:00Z,+1000000000-12-31T23:59:59.999999999Z,18,18,26.552780,26.530939
-1000000000-01-01T00:00:00Z,+1000000000-12-31T23:59:59.999999999Z,18,18,26.561727,26.548943
-1000000000-01-01T00:00:00Z,+1000000000-12-31T23:59:59.999999999Z,18,18,26.570674,26.566947
-1000000000-01-01T00:00:00Z,+1000000000-12-31T23:59:59.999999999Z,18,18,26.579621,26.584950
-1000000000-01-01T00:00:00Z,+1000000000-12-31T23:59:59.999999999Z,18,18,26.588568,26.602954
-1000000000-01-01T00:00:00Z,+1000000000-12-31T23:59:59.999999999Z,18,18,26.597515,26.620957
-1000000000-01-01T00:00:00Z,+1000000000-12-31T23:59:59.999999999Z,18,18,26.606462,26.638961
-1000000000-01-01T00:00:00Z,+1000000000-12-31T23:59:59.999999999Z,18,18,26.615409,26.656965
-1000000000-01-01T00:00:00Z,+1000000000-12-31T23:59:59.999999999Z,18,18,26.624356,26.674968
-1000000000-01-01T00:00:00Z,+1000000000-12-31T23:59:59.999999999Z,18,18,26.633303,26.692972
-1000000000-01-01T00:00:00Z,+1000000000-12-31T23:59:59.999999999Z,18,18,26.642250,26.710976
-1000000000-01-01T00:00:00Z,+1000000000-12-31T23:59:59.999999999Z,18,18,26.651197,26.728979
-1000000000-01-01T00:00:00Z,+1000000000-12-31T23:59:59.999999999Z,18,18,26.660144,26.746983
-1000000000-01-01T00:00:00Z,+1000000000-12-31T23:59:59.999999999Z,18,18,26.669091,26.764986
-1000000000-01-01T00:00:00Z,+1000000000-12-31T23:59:59.999999999Z,18,18,26.678038,26.782990
-1000000000-01-01T00:00:00Z,+1000000000-12-31T23:59:59.999999999Z,18,18,26.685791,26.822015
-1000000000-01-01T00:00:00Z,+1000000000-12-31T23:59:59.999999999Z,18,18,26.692790,26.874317
-1000000000-01-01T00:00:00Z,+1000000000-12-31T23:59:59.999999999Z,18,18,26.699789,26.926620
-1000000000-01-01T00:00:00Z,+1000000000-12-31T23:59:59.999999999Z,18,18,26.706788,26.978922
-1000000000-01-01T00:00:00Z,+1000000000-12-31T23:59:59.999999999Z,18,18,26.713787,27.031224
-1000000000-01-01T00:00:00Z,+1000000000-12-31T23:59:59.999999999Z,18,18,26.720786,27.083526
-1000000000-01-01T00:00:00Z,+1000000000-12-31T23:59:59.999999999Z,18,18,26.727785,27.135828
-1000000000-01-01T00:00:00Z,+1000000000-12-31T23:59:59.999999999Z,18,18,26.734784,27.188130
-1000000000-01-01T00:00:00Z,+1000000000-12-31T23:59:59.999999999Z,18,18,26.741783,27.240432
-1000000000-01-01T00:00:00Z,+1000000000-12-31T23:59:59.999999999Z,18,18,26.748782,27.292735
-1000000000-01-01T00:00:00Z,+1000000000-12-31T23:59:59.999999999Z,18,18,26.755781,27.345037
-1000000000-01-01T00:00:00Z,+1000000000-12-31T23:59:59.999999999Z,18,18,26.762780,27.397339
-1000000000-01-01T00:00:00Z,+1000000000-12-31T23:59:59.999999999Z,18,18,26.769779,27.449641
-1000000000-01-01T00:00:00Z,+1000000000-12-31T23:59:59.999999999Z,18,18,26.776777,27.501943
-1000000000-01-01T00:00:00Z,+1000000000-12-31T23:59:59.999999999Z,18,18,26.783776,27.554245
-1000000000-01-01T00:00:00Z,+1000000000-12-31T23:59:59.999999999Z,18,18,26.790775,27.606547
-1000000000-01-01T00:00:00Z,+1000000000-12-31T23:59:59.999999999Z,18,18,26.797774,27.658850
-1000000000-01-01T00:00:00Z,+1000000000-12-31T23:59:59.999999999Z,18,18,26.804773,27.711152
-1000000000-01-01T00:00:00Z,+1000000000-12-31T23:59:59.999999999Z,18,18,26.811772,27.763454
-1000000000-01-01T00:00:00Z,+1000000000-12-31T23:59:59.999999999Z,18,18,26.818771,27.815756
-1000000000-01-01T00:00:00Z,+1000000000-12-31T23:59:59.999999999Z,18,18,26.825770,27.868058
-1000000000-01-01T00:00:00Z,+1000000000-12-31T23:59:59.999999999Z,18,18,26.832769,27.920360
-1000000000-01-01T00:00:00Z,+1000000000-12-31T23:59:59.999999999Z,18,18,26.839768,27.972662
-1000000000-01-01T00:00:00Z,+1000000000-12-31T23:59:59.999999999Z,18,18,26.846767,28.024965
-1000000000-01-01T00:00:00Z,+1000000000-12-31T23:59:59.999999999Z,18,18,26.853766,28.077267
-1000000000-01-01T00:00:00Z,+1000000000-12-31T23:59:59.999999999Z,18,18,26.860765,28.129569
-1000000000-01-01T00:00:00Z,+1000000000-12-31T23:59:59.999999999Z,18,18,26.867764,28.181871
-1000000000-01-01T00:00:00Z,+1000000000-12-31T23:59:59.999999999Z,18,18,26.874763,28.234173
-1000000000-01-01T00:00:00Z,+1000000000-12-31T23:59:59.999999999Z,18,18,26.881762,28.286475
-1000000000-01-01T00:00:00Z,+1000000000-12-31T23:59:59.999999999Z,18,18,26.888761,28.338777
-1000000000-01-01T00:00:00Z,+1000000000-12-31T23:59:59.999999999Z,18,18,26.895760,28.391080
-1000000000-01-01T00:00:00Z,+1000000000-12-31T23:59:59.999999999Z,18,18,26.902759,28.443382
-1000000000-01-01T00:00:00Z,+1000000000-12-31T23:59:59.999999999Z,18,18,26.908568,28.491308
-1000000000-01-01T00:00:00Z,+1000000000-12-31T23:59:59.999999999Z,18,18,26.911879,28.530045
-1000000000-01-01T00:00:00Z,+1000000000-12-31T23:59:59.999999999Z,18,18,26.915190,28.568781
-1000000000-01-01T00:00:00Z,+1000000000-12-31T23:59:59.999999999Z,18,18,26.918500,28.607518
-1000000000-01-01T00:00:00Z,+1000000000-12-31T23:59:59.999999999Z,18,18,26.921811,28.646254
-1000000000-01-01T00:00:00Z,+1000000000-12-31T23:59:59.999999999Z,18,18,26.925122,28.684991
-1000000000-01-01T00:00:00Z,+1000000000-12-31T23:59:59.999999999Z,18,18,26.928432,28.723728
-1000000000-01-01T00:00:00Z,+1000000000-12-31T23:59:59.999999999Z,18,18,26.931743,28.762464
-1000000000-01-01T00:00:00Z,+1000000000-12-31T23:59:59.999999999Z,18,18,26.935054,28.801201
-1000000000-01-01T00:00:00Z,+1000000000-12-31T23:59:59.999999999Z,18,18,26.938364,28.839938
-1000000000-01-01T00:00:00Z,+1000000000-12-31T23:59:59.999999999Z,18,18,26.941675,28.878674
-1000000000-01-01T00:00:00Z,+1000000000-12-31T23:59:59.999999999Z,18,18,26.944986,28.917411
-1000000000-01-01T00:00:00Z,+1000000000-12-31T23:59:59.999999999Z,18,18,26.948296,28.956148
-1000000000-01-01T00:00:00Z,+1000000000-12-31T23:59:59.999999999Z,18,18,26.951607,28.994884
-1000000000-01-01T00:00:00Z,+1000000000-12-31T23:59:59.999999999Z,18,18,26.954917,29.033621
-1000000000-01-01T00:00:00Z,+1000000000-12-31T23:59:59.999999999Z,18,18,26.958228,29.072357
-1000000000-01-01T00:00:00Z,+1000000000-12-31T23:59:59.999999999Z,18,18,26.961539,29.111094
-1000000000-01-01T00:00:00Z,+1000000000-12-31T23:59:59.999999999Z,18,18,26.964849,29.149831
-1000000000-01-01T00:00:00Z,+1000000000-12-31T23:59:59.999999999Z,18,18,26.968160,29.188567
-1000000000-01-01T00:00:00Z,+1000000000-12-31T23:59:59.999999999Z,18,18,26.971471,29.227304
-1000000000-01-01T00:00:00Z,+1000000000-12-31T23:59:59.999999999Z,18,18,26.974781,29.266041
-1000000000-01-01T00:00:00Z,+1000000000-12-31T23:59:59.999999999Z,18,18,26.978092,29.304777
-1000000000-01-01T00:00:00Z,+1000000000-12-31T23:59:59.999999999Z,18,18,26.981403,29.343514
-1000000000-01-01T00:00:00Z,+1000000000-12-31T23:59:59.999999999Z,18,18,26.984713,29.382250
-1000000000-01-01T00:00:00Z,+1000000000-12-31T23:59:59.999999999Z,18,18,26.988024,29.420987
-1000000000-01-01T00:00:00Z,+1000000000-12-31T23:59:59.999999999Z,18,18,26.991335,29.459724
-1000000000-01-01T00:00:00Z,+1000000000-12-31T23:59:59.999999999Z,18,18,26.994645,29.498460
-1000000000-01-01T00:00:00Z,+1000000000-12-31T23:59:59.999999999Z,18,18,26.997956,29.537197
-1000000000-01-01T00:00:00Z,+1000000000-12-31T23:59:59.999999999Z,18,18,27.001267,29.575934
-1000000000-01-01T00:00:00Z,+1000000000-12-31T23:59:59.999999999Z,18,18,27.004577,29.614670
-1000000000-01-01T00:00:00Z,+1000000000-12-31T23:59:59.999999999Z,18,18,27.007888,29.653407
-1000000000-01-01T00:00:00Z,+1000000000-12-31T23:59:59.999999999Z,18,18,27.011198,29.692144
-1000000000-01-01T00:00:00Z,+1000000000-12-31T23:59:59.999999999Z,18,18,27.014771,29.730418
-1000000000-01-01T00:00:00Z,+1000000000-12-31T23:59:59.999999999Z,18,18,27.026198,29.754822
-1000000000-01-01T00:00:00Z,+1000000000-12-31T23:59:59.999999999Z,18,18,27.037626,29.779226
-1000000000-01-01T00:00:00Z,+1000000000-12-31T23:59:59.999999999Z,18,18,27.049053,29.803629
-1000000000-01-01T00:00:00Z,+1000000000-12-31T23:59:59.999999999Z,18,18,27.060481,29.828033
-1000000000-01-01T00:00:00Z,+1000000000-12-31T23:59:59.999999999Z,18,18,27.071908,29.852437
-1000000000-01-01T00:00:00Z,+1000000000-12-31T23:59:59.999999999Z,18,18,27.083336,29.876841
-1000000000-01-01T00:00:00Z,+1000000000-12-31T23:59:59.999999999Z,18,18,27.094763,29.901245
-1000000000-01-01T00:00:00Z,+1000000000-12-31T23:59:59.999999999Z,18,18,27.106191,29.925649
-1000000000-01-01T00:00:00Z,+1000000000-12-31T23:59:59.999999999Z,18,18,27.117619,29.950052
-1000000000-01-01T00:00:00Z,+1000000000-12-31T23:59:59.999999999Z,18,18,27.129046,29.974456
-1000000000-01-01T00:00:00Z,+1000000000-12-31T23:59:59.999999999Z,18,18,27.140474,29.998860
-1000000000-01-01T00:00:00Z,+1000000000-12-31T23:59:59.999999999Z,18,18,27.151901,30.023264
-1000000000-01-01T00:00:00Z,+1000000000-12-31T23:59:59.999999999Z,18,18,27.163329,30.047668
-1000000000-01-01T00:00:00Z,+1000000000-12-31T23:59:59.999999999Z,18,18,27.174756,30.072072
-1000000000-01-01T00:00:00Z,+1000000000-12-31T23:59:59.999999999Z,18,18,27.186184,30.096476
-1000000000-01-01T00:00:00Z,+1000000000-12-31T23:59:59.999999999Z,18,18,27.197611,30.120879
-1000000000-01-01T00:00:00Z,+1000000000-12-31T23:59:59.999999999Z,18,18,27.209039,30.145283
-1000000000-01-01T00:00:00Z,+1000000000-12-31T23:59:59.999999999Z,18,18,27.220466,30.169687
-1000000000-01-01T00:00:00Z,+1000000000-12-31T23:59:59.999999999Z,18,18,27.231894,30.194091
-1000000000-01-01T00:00:00Z,+1000000000-12-31T23:59:59.999999999Z,18,18,27.243321,30.218495
-1000000000-01-01T00:00:00Z,+1000000000-12-31T23:59:59.999999999Z,18,18,27.254749,30.242899
-1000000000-01-01T00:00:00Z,+1000000000-12-31T23:59:59.999999999Z,18,18,27.266176,30.267303
-1000000000-01-01T00:00:00Z,+1000000000-12-31T23:59:59.999999999Z,18,18,27.277604,30.291706
-1000000000-01-01T00:00:00Z,+1000000000-12-31T23:59:59.999999999Z,18,18,27.289031,30.316110
-1000000000-01-01T00:00:00Z,+1000000000-12-31T23:59:59.999999999Z,18,18,27.300459,30.340514
-1000000000-01-01T00:00:00Z,+1000000000-12-31T23:59:59.999999999Z,18,18,27.311886,30.364918
-1000000000-01-01T00:00:00Z,+1000000000-12-31T23:59:59.999999999Z,18,18,27.323314,30.389322
-1000000000-01-01T00:00:00Z,+1000000000-12-31T23:59:59.999999999Z,18,18,27.334741,30.413726
-1000000000-01-01T00:00:00Z,+1000000000-12-31T23:59:59.999999999Z,18,18,27.346169,30.438129
-1000000000-01-01T00:00:00Z,+1000000000-12-31T23:59:59.999999999Z,18,18,27.357596,30.462533
-1000000000-01-01T00:00:00Z,+1000000000-12-31T23:59:59.999999999Z,18,18,27.369024,30.486937
-1000000000-01-01T00:00:00Z,+1000000000-12-31T23:59:59.999999999Z,18,18,27.380451,30.511341
-1000000000-01-01T00:00:00Z,+1000000000-12-31T23:59:59.999999999Z,18,18,27.401423,30.567980
-1000000000-01-01T00:00:00Z,+1000000000-12-31T23:59:59.999999999Z,18,18,27.425716,30.635832
-1000000000-01-01T00:00:00Z,+1000000000-12-31T23:59:59.999999999Z,18,18,27.450008,30.703684
-1000000000-01-01T00:00:00Z,+1000000000-12-31T23:59:59.999999999Z,18,18,27.474300,30.771536
-1000000000-01-01T00:00:00Z,+1000000000-12-31T23:59:59.999999999Z,18,18,27.498592,30.839387
-1000000000-01-01T00:00:00Z,+1000000000-12-31T23:59:59.999999999Z,18,18,27.522884,30.907239
-1000000000-01-01T00:00:00Z,+1000000000-12-31T23:59:59.999999999Z,18,18,27.547176,30.975091
-1000000000-01-01T00:00:00Z,+1000000000-12-31T23:59:59.999999999Z,18,18,27.571468,31.042943
-1000000000-01-01T00:00:00Z,+1000000000-12-31T23:59:59.999999999Z,18,18,27.595761,31.110794
-1000000000-01-01T00:00:00Z,+1000000000-12-31T23:59:59.999999999Z,18,18,27.620053,31.178646
-1000000000-01-01T00:00:00Z,+1000000000-12-31T23:59:59.999999999Z,18,18,27.644345,31.246498
-1000000000-01-01T00:00:00Z,+1000000000-12-31T23:59:59.999999999Z,18,18,27.668637,31.314350
-1000000000-01-01T00:00:00Z,+1000000000-12-31T23:59:59.999999999Z,18,18,27.692929,31.382201
-1000000000-01-01T00:00:00Z,+1000000000-12-31T23:59:59.999999999Z,18,18,27.717221,31.450053
-1000000000-01-01T00:00:00Z,+1000000000-12-31T23:59:59.999999999Z,18,18,27.741513,31.517905
-1000000000-01-01T00:00:00Z,+1000000000-12-31T23:59:59.999999999Z,18,18,27.765806,31.585757
-1000000000-01-01T00:00:00Z,+1000000000-12-31T23:59:59.999999999Z,18,18,27.790098,31.653609
-1000000000-01-01T00:00:00Z,+1000000000-12-31T23:59:59.999999999Z,18,18,27.814390,31.721460
-1000000000-01-01T00:00:00Z,+1000000000-12-31T23:59:59.999999999Z,18,18,27.838682,31.789312
-1000000000-01-01T00:00:00Z,+1000000000-12-31T23:59:59.999999999Z,18,18,27.862974,31.857164
-1000000000-01-01T00:00:00Z,+1000000000-12-31T23:59:59.999999999Z,18,18,27.887266,31.925016
-1000000000-01-01T00:00:00Z,+1000000000-12-31T23:59:59.999999999Z,18,18,27.911558,31.992867
-1000000000-01-01T00:00:00Z,+1000000000-12-31T23:59:59.999999999Z,18,18,27.935851,32.060719
-1000000000-01-01T00:00:00Z,+1000000000-12-31T23:59:59.999999999Z,18,18,27.960143,32.128571
-1000000000-01-01T00:00:00Z,+1000000000-12-31T23:59:59.999999999Z,18,18,27.984435,32.196423
-1000000000-01-01T00:00:00Z,+1000000000-12-31T23:59:59.999999999Z,18,18,28.008727,32.264274
-1000000000-01-01T00:00:00Z,+1000000000-12-31T23:59:59.999999999Z,18,18,28.033019,32.332126
-1000000000-01-01T00:00:00Z,+1000000000-12-31T23:59:59.999999999Z,18,18,28.057311,32.399978
-1000000000-01-01T00:00:00Z,+1000000000-12-31T23:59:59.999999999Z,18,18,28.081603,32.467830
-1000000000-01-01T00:00:00Z,+1000000000-12-31T23:59:59.999999999Z,18,18,28.105896,32.535681
-1000000000-01-01T00:00:00Z,+1000000000-12-31T23:59:59.999999999Z,18,18,28.130188,32.603533
-1000000000-01-01T00:00:00Z,+1000000000-12-31T23:59:59.999999999Z,18,18,28.154480,32.671385
-1000000000-01-01T00:00:00Z,+1000000000-12-31T23:59:59.999999999Z,18,18,28.223078,32.715346
-1000000000-01-01T00:00:00Z,+1000000000-12-31T23:59:59.999999999Z,18,18,28.345477,32.730296
-1000000000-01-01T00:00:00Z,+1000000000-12-31T23:59:59.999999999Z,18,18,28.467876,32.745247
-1000000000-01-01T00:00:00Z,+1000000000-12-31T23:59:59.999999999Z,18,18,28.590274,32.760198
-1000000000-01-01T00:00:00Z,+1000000000-12-31T23:59:59.999999999Z,18,18,28.712673,32.775148
-1000000000-01-01T00:00:00Z,+1000000000-12-31T23:59:59.999999999Z,18,18,28.835072,32.790099
-1000000000-01-01T00:00:00Z,+1000000000-12-31T23:59:59.999999999Z,18,18,28.957471,32.805049
-1000000000-01-01T00:00:00Z,+1000000000-12-31T23:59:59.999999999Z,18,18,29.079869,32.820000
-1000000000-01-01T00:00:00Z,+1000000000-12-31T23:59:59.999999999Z,18,18,29.202268,32.834950
-1000000000-01-01T00:00:00Z,+1000000000-12-31T23:59:59.999999999Z,18,18,29.324667,32.849901
-1000000000-01-01T00:00:00Z,+1000000000-12-31T23:59:59.999999999Z,18,18,29.447066,32.864852
-1000000000-01-01T00:00:00Z,+1000000000-12-31T23:59:59.999999999Z,18,18,29.569465,32.879802
-1000000000-01-01T00:00:00Z,+1000000000-12-31T23:59:59.999999999Z,18,18,29.691863,32.894753
-1000000000-01-01T00:00:00Z,+1000000000-12-31T23:59:59.999999999Z,18,18,29.814262,32.909703
-1000000000-01-01T00:00:00Z,+1000000000-12-31T23:59:59.999999999Z,18,18,29.936661,32.924654
-1000000000-01-01T00:00:00Z,+1000000000-12-31T23:59:59.999999999Z,18,18,30.059060,32.939605
-1000000000-01-01T00:00:00Z,+1000000000-12-31T23:59:59.999999999Z,18,18,30.181458,32.954555
-1000000000-01-01T00:00:00Z,+1000000000-12-31T23:59:59.999999999Z,18,18,30.303857,32.969506
-1000000000-01-01T00:00:00Z,+1000000000-12-31T23:59:59.999999999Z,18,18,30.426256,32.984456
-1000000000-01-01T00:00:00Z,+1000000000-12-31T23:59:59.999999999Z,18,18,30.548655,32.999407
-1000000000-01-01T00:00:00Z,+1000000000-12-31T23:59:59.999999999Z,18,18,30.671053,33.014357
-1000000000-01-01T00:00:00Z,+1000000000-12-31T23:59:59.999999999Z,18,18,30.793452,33.029308
-1000000000-01-01T00:00:00Z,+1000000000-12-31T23:59:59.999999999Z,18,18,30.915851,33.044259
-1000000000-01-01T00:00:00Z,+1000000000-12-31T23:59:59.999999999Z,18,18,31.038250,33.059209
-1000000000-01-01T00:00:00Z,+1000000000-12-31T23:59:59.999999999Z,18,18,31.160648,33.074160
-1000000000-01-01T00:00:00Z,+1000000000-12-31T23:59:59.999999999Z,18,18,31.283047,33.089110
-1000000000-01-01T00:00:00Z,+1000000000-12-31T23:59:59.999999999Z,18,18,31.405446,33.104061
-1000000000-01-01T00:00:00Z,+1000000000-12-31T23:59:59.999999999Z,18,18,31.527845,33.119012
-1000000000-01-01T00:00:00Z,+1000000000-12-31T23:59:59.999999999Z,18,18,31.650244,33.133962
-1000000000-01-01T00:00:00Z,+1000000000-12-31T23:59:59.999999999Z,18,18,31.772642,33.148913
-1000000000-01-01T00:00:00Z,+1000000000-12-31T23:59:59.999999999Z,18,18,31.895041,33.163863
-1000000000-01-01T00:00:00Z,+1000000000-12-31T23:59:59.999999999Z,18,18,32.017440,33.178814
-1000000000-01-01T00:00:00Z,+1000000000-12-31T23:59:59.999999999Z,18,18,32.124502,33.203583
-1000000000-01-01T00:00:00Z,+1000000000-12-31T23:59:59.999999999Z,18,18,32.151814,33.279405
-1000000000-01-01T00:00:00Z,+1000000000-12-31T23:59:59.999999999Z,18,18,32.179125,33.355228
-1000000000-01-01T00:00:00Z,+1000000000-12-31T23:59:59.999999999Z,18,18,32.206437,33.431051
-1000000000-01-01T00:00:00Z,+1000000000-12-31T23:59:59.999999999Z,18,18,32.233749,33.506874
-1000000000-01-01T00:00:00Z,+1000000000-12-31T23:59:59.999999999Z,18,18,32.261060,33.582697
-1000000000-01-01T00:00:00Z,+1000000000-12-31T23:59:59.999999999Z,18,18,32.288372,33.658520
-1000000000-01-01T00:00:00Z,+1000000000-12-31T23:59:59.999999999Z,18,18,32.315684,33.734343
-1000000000-01-01T00:00:00Z,+1000000000-12-31T23:59:59.999999999Z,18,18,32.342995,33.810166
-1000000000-01-01T00:00:00Z,+1000000000-12-31T23:59:59.999999999Z,18,18,32.370307,33.885988
-1000000000-01-01T00:00:00Z,+1000000000-12-31T23:59:59.999999999Z,18,18,32.397619,33.961811
-1000000000-01-01T00:00:00Z,+1000000000-12-31T23:59:59.999999999Z,18,18,32.424930,34.037634
-1000000000-01-01T00:00:00Z,+1000000000-12-31T23:59:59.999999999Z,18,18,32.452242,34.113457
-1000000000-01-01T00:00:00Z,+1000000000-12-31T23:59:59.999999999Z,18,18,32.479554,34.189280
-1000000000-01-01T00:00:00Z,+1000000000-12-31T23:59:59.999999999Z,18,18,32.506865,34.265103
-1000000000-01-01T00:00:00Z,+1000000000-12-31T23:59:59.999999999Z,18,18,32.534177,34.340926
-1000000000-01-01T00:00:00Z,+1000000000-12-31T23:59:59.999999999Z,18,18,32.561489,34.416748
-1000000000-01-01T00:00:00Z,+1000000000-12-31T23:59:59.999999999Z,18,18,32.588800,34.492571
-1000000000-01-01T00:00:00Z,+1000000000-12-31T23:59:59.999999999Z,18,18,32.616112,34.568394
-1000000000-01-01T00:00:00Z,+1000000000-12-31T23:59:59.999999999Z,18,18,32.643424,34.644217
-1000000000-01-01T00:00:00Z,+1000000000-12-31T23:59:59.999999999Z,18,18,32.670735,34.720040
-1000000000-01-01T00:00:00Z,+1000000000-12-31T23:59:59.999999999Z,18,18,32.698047,34.795863
-1000000000-01-01T00:00:00Z,+1000000000-12-31T23:59:59.999999999Z,18,18,32.725359,34.871686
-1000000000-01-01T00:00:00Z,+1000000000-12-31T23:59:59.999999999Z,18,18,32.752670,34.947509
-1000000000-01-01T00:00:00Z,+1000000000-12-31T23:59:59.999999999Z,18,18,32.779982,35.023331
-1000000000-01-01T00:00:00Z,+1000000000-12-31T23:59:59.999999999Z,18,18,32.807294,35.099154
-1000000000-01-01T00:00:00Z,+1000000000-12-31T23:59:59.999999999Z,18,18,32.834605,35.174977
-1000000000-01-01T00:00:00Z,+1000000000-12-31T23:59:59.999999999Z,18,18,32.861917,35.250800
-1000000000-01-01T00:00:00Z,+1000000000-12-31T23:59:59.999999999Z,18,18,32.889229,35.326623
-1000000000-01-01T00:00:00Z,+1000000000-12-31T23:59:59.999999999Z,18,18,32.916540,35.402446
-1000000000-01-01T00:00:00Z,+1000000000-12-31T23:59:59.999999999Z,18,18,32.943852,35.478269
-1000000000-01-01T00:00:00Z,+1000000000-12-31T23:59:59.999999999Z,18,18,32.971164,35.554091
-1000000000-01-01T00:00:00Z,+1000000000-12-31T23:59:59.999999999Z,18,18,32.998476,35.629914
-1000000000-01-01T00:00:00Z,+1000000000-12-31T23:59:59.999999999Z,18,18,33.016546,35.674306
-1000000000-01-01T00:00:00Z,+1000000000-12-31T23:59:59.999999999Z,18,18,33.033248,35.714041
-1000000000-01-01T00:00:00Z,+1000000000-12-31T23:59:59.999999999Z,18,18,33.049950,35.753777
-1000000000-01-01T00:00:00Z,+1000000000-12-31T23:59:59.999999999Z,18,18,33.066651,35.793512
-1000000000-01-01T00:00:00Z,+1000000000-12-31T23:59:59.999999999Z,18,18,33.083353,35.833247
-1000000000-01-01T00:00:00Z,+1000000000-12-31T23:59:59.999999999Z,18,18,33.100055,35.872982
-1000000000-01-01T00:00:00Z,+1000000000-12-31T23:59:59.999999999Z,18,18,33.116756,35.912717
-1000000000-01-01T00:00:00Z,+1000000000-12-31T23:59:59.999999999Z,18,18,33.133458,35.952453
-1000000000-01-01T00:00:00Z,+1000000000-12-31T23:59:59.999999999Z,18,18,33.150160,35.992188
-1000000000-01-01T00:00:00Z,+1000000000-12-31T23:59:59.999999999Z,18,18,33.166861,36.031923
-1000000000-01-01T00:00:00Z,+1000000000-12-31T23:59:59.999999999Z,18,18,33.183563,36.071658
-1000000000-01-01T00:00:00Z,+1000000000-12-31T23:59:59.999999999Z,18,18,33.200265,36.111394
-1000000000-01-01T00:00:00Z,+1000000000-12-31T23:59:59.999999999Z,18,18,33.216966,36.151129
-1000000000-01-01T00:00:00Z,+1000000000-12-31T23:59:59.999999999Z,18,18,33.233668,36.190864
-1000000000-01-01T00:00:00Z,+1000000000-12-31T23:59:59.999999999Z,18,18,33.250370,36.230599
-1000000000-01-01T00:00:00Z,+1000000000-12-31T23:59:59.999999999Z,18,18,33.267072,36.270334
-1000000000-01-01T00:00:00Z,+1000000000-12-31T23:59:59.999999999Z,18,18,33.283773,36.310070
-1000000000-01-01T00:00:00Z,+1000000000-12-31T23:59:59.999999999Z,18,18,33.300475,36.349805
-1000000000-01-01T00:00:00Z,+1000000000-12-31T23:59:59.999999999Z,18,18,33.317177,36.389540
-1000000000-01-01T00:00:00Z,+1000000000-12-31T23:59:59.999999999Z,18,18,33.333878,36.429275
-1000000000-01-01T00:00:00Z,+1000000000-12-31T23:59:59.999999999Z,18,18,33.350580,36.469011
-1000000000-01-01T00:00:00Z,+1000000000-12-31T23:59:59.999999999Z,18,18,33.367282,36.508746
-1000000000-01-01T00:00:00Z,+1000000000-12-31T23:59:59.999999999Z,18,18,33.383983,36.548481
-1000000000-01-01T00:00:00Z,+1000000000-12-31T23:59:59.999999999Z,18,18,33.400685,36.588216
-1000000000-01-01T00:00:00Z,+1000000000-12-31T23:59:59.999999999Z,18,18,33.417387,36.627951
-1000000000-01-01T00:00:00Z,+1000000000-12-31T23:59:59.999999999Z,18,18,33.434088,36.667687
-1000000000-01-01T00:00:00Z,+1000000000-12-31T23:59:59.999999999Z,18,18,33.450790,36.707422
-1000000000-01-01T00:00:00Z,+1000000000-12-31T23:59:59.999999999Z,18,18,33.467492,36.747157
-1000000000-01-01T00:00:00Z,+1000000000-12-31T23:59:59.999999999Z,18,18,33.484193,36.786892
-1000000000-01-01T00:00:00Z,+1000000000-12-31T23:59:59.999999999Z,18,18,33.500895,36.826628
-1000000000-01-01T00:00:00Z,+1000000000-12-31T23:59:59.999999999Z,18,18,33.517597,36.866363
-1000000000-01-01T00:00:00Z,+1000000000-12-31T23:59:59.999999999Z,18,18,33.534299,36.906098
-1000000000-01-01T00:00:00Z,+1000000000-12-31T23:59:59.999999999Z,18,18,33.556040,36.934791
-1000000000-01-01T00:00:00Z,+1000000000-12-31T23:59:59.999999999Z,18,18,33.581423,36.955509
-1000000000-01-01T00:00:00Z,+1000000000-12-31T23:59:59.999999999Z,18,18,33.606805,36.976227
-1000000000-01-01T00:00:00Z,+1000000000-12-31T23:59:59.999999999Z,18,18,33.632187,36.996944
-1000000000-01-01T00:00:00Z,+1000000000-12-31T23:59:59.999999999Z,18,18,33.657569,37.017662
-1000000000-01-01T00:00:00Z,+1000000000-12-31T23:59:59.999999999Z,18,18,33.682951,37.038380
-1000000000-01-01T00:00:00Z,+1000000000-12-31T23:59:59.999999999Z,18,18,33.708333,37.059098
-1000000000-01-01T00:00:00Z,+1000000000-12-31T23:59:59.999999999Z,18,18,33.733715,37.079816
-1000000000-01-01T00:00:00Z,+1000000000-12-31T23:59:59.999999999Z,18,18,33.759097,37.100534
-1000000000-01-01T00:00:00Z,+1000000000-12-31T23:59:59.999999999Z,18,18,33.784480,37.121251
-1000000000-01-01T00:00:00Z,+1000000000-12-31T23:59:59.999999999Z,18,18,33.809862,37.141969
-1000000000-01-01T00:00:00Z,+1000000000-12-31T23:59:59.999999999Z,18,18,33.835244,37.162687
-1000000000-01-01T00:00:00Z,+1000000000-12-31T23:59:59.999999999Z,18,18,33.860626,37.183405
-1000000000-01-01T00:00:00Z,+1000000000-12-31T23:59:59.999999999Z,18,18,33.886008,37.204123
-1000000000-01-01T00:00:00Z,+1000000000-12-31T23:59:59.999999999Z,18,18,33.911390,37.224841
-1000000000-01-01T00:00:00Z,+1000000000-12-31T23:59:59.999999999Z,18,18,33.936772,37.245559
-1000000000-01-01T00:00:00Z,+1000000000-12-31T23:59:59.999999999Z,18,18,33.962155,37.266276
-1000000000-01-01T00:00:00Z,+1000000000-12-31T23:59:59.999999999Z,18,18,33.987537,37.286994
-1000000000-01-01T00:00:00Z,+1000000000-12-31T23:59:59.999999999Z,18,18,34.012919,37.307712
-1000000000-01-01T00:00:00Z,+1000000000-12-31T23:59:59.999999999Z,18,18,34.038301,37.328430
-1000000000-01-01T00:00:00Z,+1000000000-12-31T23:59:59.999999999Z,18,18,34.063683,37.349148
-1000000000-01-01T00:00:00Z,+1000000000-12-31T23:59:59.999999999Z,18,18,34.089065,37.369866
-1000000000-01-01T00:00:00Z,+1000000000-12-31T23:59:59.999999999Z,18,18,34.114447,37.390583
-1000000000-01-01T00:00:00Z,+1000000000-12-31T23:59:59.999999999Z,18,18,34.139829,37.411301
-1000000000-01-01T00:00:00Z,+1000000000-12-31T23:59:59.999999999Z,18,18,34.165212,37.432019
-1000000000-01-01T00:00:00Z,+1000000000-12-31T23:59:59.999999999Z,18,18,34.190594,37.452737
-1000000000-01-01T00:00:00Z,+1000000000-12-31T23:59:59.999999999Z,18,18,34.215976,37.473455
-1000000000-01-01T00:00:00Z,+1000000000-12-31T23:59:59.999999999Z,18,18,34.241358,37.494173
-1000000000-01-01T00:00:00Z,+1000000000-12-31T23:59:59.999999999Z,18,18,34.266740,37.514890
-1000000000-01-01T00:00:00Z,+1000000000-12-31T23:59:59.999999999Z,18,18,34.292122,37.535608
-1000000000-01-01T00:00:00Z,+1000000000-12-31T23:59:59.999999999Z,18,18,34.317504,37.556326
-1000000000-01-01T00:00:00Z,+1000000000-12-31T23:59:59.999999999Z,18,18,34.342886,37.577044
-1000000000-01-01T00:00:00Z,+1000000000-12-31T23:59:59.999999999Z,18,18,34.360900,37.591747
-1000000000-01-01T00:00:00Z,+1000000000-12-31T23:59:59.999999999Z,18,18,34.360900,37.591747
-1000000000-01-01T00:00:00Z,+1000000000-12-31T23:59:59.999999999Z,18,18,34.360900,37.591747
-1000000000-01-01T00:00:00Z,+1000000000-12-31T23:59:59.999999999Z,18,18,34.360900,37.591747
-1000000000-01-01T00:00:00Z,+1000000000-12-31T23:59:59.999999999Z,18,18,34.360900,37.591747
-1000000000-01-01T00:00:00Z,+1000000000-12-31T23:59:59.999999999Z,18,18,34.360900,37.591747
-1000000000-01-01T00:00:00Z,+1000000000-12-31T23:59:59.999999999Z,18,18,34.360900,37.591747
-1000000000-01-01T00:00:00Z,+1000000000-12-31T23:59:59.999999999Z,18,18,34.360900,37.591747
-1000000000-01-01T00:00:00Z,+1000000000-12-31T23:59:59.999999999Z,18,18,34.360900,37.591747
-1000000000-01-01T00:00:00Z,+1000000000-12-31T23:59:59.999999999Z,18,18,34.360900,37.591747
-1000000000-01-01T00:00:00Z,+1000000000-12-31T23:59:59.999999999Z,18,18,34.360900,37.591747
-1000000000-01-01T00:00:00Z,+1000000000-12-31T23:59:59.999999999Z,18,18,34.360900,37.591747
-1000000000-01-01T00:00:00Z,+1000000000-12-31T23:59:59.999999999Z,18,18,34.360900,37.591747
-1000000000-01-01T00:00:00Z,+1000000000-12-31T23:59:59.999999999Z,18,18,34.360900,37.591747
-1000000000-01-01T00:00:00Z,+1000000000-12-31T23:59:59.999999999Z,18,18,34.360900,37.591747
-1000000000-01-01T00:00:00Z,+1000000000-12-31T23:59:59.999999999Z,18,18,34.360900,37.591747
-1000000000-01-01T00:00:00Z,+1000000000-12-31T23:59:59.999999999Z,18,18,34.360900,37.591747
-1000000000-01-01T00:00:00Z,+1000000000-12-31T23:59:59.999999999Z,18,18,34.360900,37.591747
-1000000000-01-01T00:00:00Z,+1000000000-12-31T23:59:59.999999999Z,18,18,34.360900,37.591747
-1000000000-01-01T00:00:00Z,+1000000000-12-31T23:59:59.999999999Z,18,18,34.360900,37.591747
-1000000000-01-01T00:00:00Z,+1000000000-12-31T23:59:59.999999999Z,18,18,34.360900,37.591747
-1000000000-01-01T00:00:00Z,+1000000000-12-31T23:59:59.999999999Z,18,18,34.360900,37.591747
-1000000000-01-01T00:00:00Z,+1000000000-12-31T23:59:59.999999999Z,18,18,34.360900,37.591747
-1000000000-01-01T00:00:00Z,+1000000000-12-31T23:59:59.999999999Z,18,18,34.360900,37.591747
-1000000000-01-01T00:00:00Z,+1000000000-12-31T23:59:59.999999999Z,18,18,34.360900,37.591747
-1000000000-01-01T00:00:00Z,+1000000000-12-31T23:59:59.999999999Z,18,18,34.360900,37.591747
-1000000000-01-01T00:00:00Z,+1000000000-12-31T23:59:59.999999999Z,18,18,34.360900,37.591747
-1000000000-01-01T00:00:00Z,+1000000000-12-31T23:59:59.999999999Z,18,18,34.360900,37.591747
-1000000000-01-01T00:00:00Z,+1000000000-12-31T23:59:59.999999999Z,18,18,34.360900,37.591747
-1000000000-01-01T00:00:00Z,+1000000000-12-31T23:59:59.999999999Z,18,18,34.360900,37.591747
-1000000000-01-01T00:00:00Z,+1000000000-12-31T23:59:59.999999999Z,18,18,34.360900,37.591747
-1000000000-01-01T00:00:00Z,+1000000000-12-31T23:59:59.999999999Z,18,18,34.360900,37.591747
