LEAD HOUR,BIAS FRACTION All data,BIAS FRACTION >= 0.00142 [Pr = 0.1],BIAS FRACTION >= 0.00906 [Pr = 0.25],BIAS FRACTION >= 0.09628 [Pr = 0.5],BIAS FRACTION >= 0.42475 [Pr = 0.75],BIAS FRACTION >= 1.69901 [Pr = 0.9],BIAS FRACTION >= 4.0663 [Pr = 0.95],COEFFICIENT OF DETERMINATION All data,COEFFICIENT OF DETERMINATION >= 0.00142 [Pr = 0.1],COEFFICIENT OF DETERMINATION >= 0.00906 [Pr = 0.25],COEFFICIENT OF DETERMINATION >= 0.09628 [Pr = 0.5],COEFFICIENT OF DETERMINATION >= 0.42475 [Pr = 0.75],COEFFICIENT OF DETERMINATION >= 1.69901 [Pr = 0.9],COEFFICIENT OF DETERMINATION >= 4.0663 [Pr = 0.95],CORRELATION PEARSONS All data,CORRELATION PEARSONS >= 0.00142 [Pr = 0.1],CORRELATION PEARSONS >= 0.00906 [Pr = 0.25],CORRELATION PEARSONS >= 0.09628 [Pr = 0.5],CORRELATION PEARSONS >= 0.42475 [Pr = 0.75],CORRELATION PEARSONS >= 1.69901 [Pr = 0.9],CORRELATION PEARSONS >= 4.0663 [Pr = 0.95],INDEX OF AGREEMENT All data,INDEX OF AGREEMENT >= 0.00142 [Pr = 0.1],INDEX OF AGREEMENT >= 0.00906 [Pr = 0.25],INDEX OF AGREEMENT >= 0.09628 [Pr = 0.5],INDEX OF AGREEMENT >= 0.42475 [Pr = 0.75],INDEX OF AGREEMENT >= 1.69901 [Pr = 0.9],INDEX OF AGREEMENT >= 4.0663 [Pr = 0.95],MEAN ABSOLUTE ERROR All data,MEAN ABSOLUTE ERROR >= 0.00142 [Pr = 0.1],MEAN ABSOLUTE ERROR >= 0.00906 [Pr = 0.25],MEAN ABSOLUTE ERROR >= 0.09628 [Pr = 0.5],MEAN ABSOLUTE ERROR >= 0.42475 [Pr = 0.75],MEAN ABSOLUTE ERROR >= 1.69901 [Pr = 0.9],MEAN ABSOLUTE ERROR >= 4.0663 [Pr = 0.95],MEAN ERROR All data,MEAN ERROR >= 0.00142 [Pr = 0.1],MEAN ERROR >= 0.00906 [Pr = 0.25],MEAN ERROR >= 0.09628 [Pr = 0.5],MEAN ERROR >= 0.42475 [Pr = 0.75],MEAN ERROR >= 1.69901 [Pr = 0.9],MEAN ERROR >= 4.0663 [Pr = 0.95],ROOT MEAN SQUARE ERROR All data,ROOT MEAN SQUARE ERROR >= 0.00142 [Pr = 0.1],ROOT MEAN SQUARE ERROR >= 0.00906 [Pr = 0.25],ROOT MEAN SQUARE ERROR >= 0.09628 [Pr = 0.5],ROOT MEAN SQUARE ERROR >= 0.42475 [Pr = 0.75],ROOT MEAN SQUARE ERROR >= 1.69901 [Pr = 0.9],ROOT MEAN SQUARE ERROR >= 4.0663 [Pr = 0.95],SAMPLE SIZE All data,SAMPLE SIZE >= 0.00142 [Pr = 0.1],SAMPLE SIZE >= 0.00906 [Pr = 0.25],SAMPLE SIZE >= 0.09628 [Pr = 0.5],SAMPLE SIZE >= 0.42475 [Pr = 0.75],SAMPLE SIZE >= 1.69901 [Pr = 0.9],SAMPLE SIZE >= 4.0663 [Pr = 0.95],BRIER SCORE MAIN >= 0.00142 [Pr = 0.1],BRIER SCORE MAIN >= 0.00906 [Pr = 0.25],BRIER SCORE MAIN >= 0.09628 [Pr = 0.5],BRIER SCORE MAIN >= 0.42475 [Pr = 0.75],BRIER SCORE MAIN >= 1.69901 [Pr = 0.9],BRIER SCORE MAIN >= 4.0663 [Pr = 0.95],BRIER SKILL SCORE MAIN >= 0.00142 [Pr = 0.1],BRIER SKILL SCORE MAIN >= 0.00906 [Pr = 0.25],BRIER SKILL SCORE MAIN >= 0.09628 [Pr = 0.5],BRIER SKILL SCORE MAIN >= 0.42475 [Pr = 0.75],BRIER SKILL SCORE MAIN >= 1.69901 [Pr = 0.9],BRIER SKILL SCORE MAIN >= 4.0663 [Pr = 0.95],CONTINUOUS RANKED PROBABILITY SCORE MAIN All data,CONTINUOUS RANKED PROBABILITY SCORE MAIN >= 0.00142 [Pr = 0.1],CONTINUOUS RANKED PROBABILITY SCORE MAIN >= 0.00906 [Pr = 0.25],CONTINUOUS RANKED PROBABILITY SCORE MAIN >= 0.09628 [Pr = 0.5],CONTINUOUS RANKED PROBABILITY SCORE MAIN >= 0.42475 [Pr = 0.75],CONTINUOUS RANKED PROBABILITY SCORE MAIN >= 1.69901 [Pr = 0.9],CONTINUOUS RANKED PROBABILITY SCORE MAIN >= 4.0663 [Pr = 0.95],KLING GUPTA EFFICIENCY MAIN All data,KLING GUPTA EFFICIENCY MAIN >= 0.00142 [Pr = 0.1],KLING GUPTA EFFICIENCY MAIN >= 0.00906 [Pr = 0.25],KLING GUPTA EFFICIENCY MAIN >= 0.09628 [Pr = 0.5],KLING GUPTA EFFICIENCY MAIN >= 0.42475 [Pr = 0.75],KLING GUPTA EFFICIENCY MAIN >= 1.69901 [Pr = 0.9],KLING GUPTA EFFICIENCY MAIN >= 4.0663 [Pr = 0.95],MEAN SQUARE ERROR MAIN All data,MEAN SQUARE ERROR MAIN >= 0.00142 [Pr = 0.1],MEAN SQUARE ERROR MAIN >= 0.00906 [Pr = 0.25],MEAN SQUARE ERROR MAIN >= 0.09628 [Pr = 0.5],MEAN SQUARE ERROR MAIN >= 0.42475 [Pr = 0.75],MEAN SQUARE ERROR MAIN >= 1.69901 [Pr = 0.9],MEAN SQUARE ERROR MAIN >= 4.0663 [Pr = 0.95],MEAN SQUARE ERROR SKILL SCORE MAIN All data,MEAN SQUARE ERROR SKILL SCORE MAIN >= 0.00142 [Pr = 0.1],MEAN SQUARE ERROR SKILL SCORE MAIN >= 0.00906 [Pr = 0.25],MEAN SQUARE ERROR SKILL SCORE MAIN >= 0.09628 [Pr = 0.5],MEAN SQUARE ERROR SKILL SCORE MAIN >= 0.42475 [Pr = 0.75],MEAN SQUARE ERROR SKILL SCORE MAIN >= 1.69901 [Pr = 0.9],MEAN SQUARE ERROR SKILL SCORE MAIN >= 4.0663 [Pr = 0.95],RELATIVE OPERATING CHARACTERISTIC SCORE MAIN >= 0.00142 [Pr = 0.1],RELATIVE OPERATING CHARACTERISTIC SCORE MAIN >= 0.00906 [Pr = 0.25],RELATIVE OPERATING CHARACTERISTIC SCORE MAIN >= 0.09628 [Pr = 0.5],RELATIVE OPERATING CHARACTERISTIC SCORE MAIN >= 0.42475 [Pr = 0.75],RELATIVE OPERATING CHARACTERISTIC SCORE MAIN >= 1.69901 [Pr = 0.9],RELATIVE OPERATING CHARACTERISTIC SCORE MAIN >= 4.0663 [Pr = 0.95]
42,-0.770093,-0.779198,-0.790761,-0.816192,-0.848237,-0.877623,-0.887113,0.063692,0.062731,0.060664,0.055675,0.046476,0.032077,0.018538,0.252373,0.250462,0.246300,0.235956,0.215582,0.179100,0.136155,0.606929,0.605839,0.601724,0.585988,0.543093,0.468764,0.407517,0.930870,1.031584,1.221275,1.795184,3.326845,7.290664,12.237929,-0.770830,-0.872846,-1.061024,-1.629502,-3.099111,-6.925038,-11.719941,4.406707,4.661392,5.103323,6.257580,8.690892,13.707745,19.263379,11328.000000,10122.000000,8444.000000,5615.000000,2909.000000,1161.000000,576.000000,0.189442,0.256886,0.379149,0.234463,0.096928,0.048729,-0.991450,-0.353639,-0.516710,-0.228505,-0.053733,-0.009673,0.930870,1.031584,1.221275,1.795184,3.326845,7.290664,12.237929,-0.092339,-0.110647,-0.140631,-0.237147,-0.470095,-0.927407,-1.234576,19.419062,21.728575,26.043903,39.157308,75.531609,187.902260,371.077769,0.061294,0.059987,0.057234,0.050176,0.035955,0.011794,-0.010221,0.212437,0.199663,0.242120,0.135793,0.084019,0.087674
66,-0.850999,-0.859648,-0.871121,-0.896982,-0.931707,-0.961961,-0.975975,0.006848,0.006092,0.004664,0.002275,0.000434,0.000157,0.000843,0.082753,0.078049,0.068291,0.047692,0.020834,-0.012537,-0.029033,0.584939,0.583836,0.579886,0.564584,0.522728,0.449495,0.392224,0.960613,1.065383,1.261986,1.856733,3.448580,7.632300,12.922218,-0.851860,-0.963018,-1.168914,-1.790593,-3.403140,-7.590526,-12.893931,4.547848,4.810948,5.267087,6.457904,8.969580,14.166455,19.950547,11328.000000,10122.000000,8444.000000,5616.000000,2910.000000,1161.000000,576.000000,0.197740,0.263948,0.388859,0.247440,0.101077,0.051289,-1.078680,-0.390852,-0.555550,-0.296207,-0.098838,-0.062717,0.960613,1.065383,1.261986,1.856733,3.448580,7.632300,12.922218,-0.352120,-0.350621,-0.349866,-0.343353,-0.352570,-0.594275,-1.192141,20.682925,23.145220,27.742203,41.704523,80.453372,200.688436,398.024316,0.006511,0.005817,0.004422,0.001573,-0.001849,-0.004422,-0.004554,0.209724,0.193385,0.222448,0.083314,0.022937,0.007750
90,-0.867572,-0.876119,-0.887481,-0.913196,-0.947796,-0.975421,-0.985968,0.005468,0.004554,0.002778,0.000559,0.000001,0.000142,0.000009,0.073947,0.067484,0.052702,0.023646,-0.000789,-0.011928,0.003035,0.581848,0.580812,0.577010,0.562142,0.521235,0.448023,0.390562,0.966687,1.072295,1.270433,1.869529,3.472957,7.700854,13.025952,-0.868497,-0.981524,-1.190932,-1.822752,-3.460949,-7.696732,-13.025952,4.556800,4.820426,5.277469,6.470082,8.985898,14.197736,19.991511,11328.000000,10122.000000,8444.000000,5617.000000,2911.000000,1161.000000,576.000000,0.205067,0.271540,0.398658,0.253531,0.102401,0.050936,-1.155702,-0.430857,-0.594743,-0.327817,-0.113233,-0.055401,0.966687,1.072295,1.270433,1.869529,3.472957,7.700854,13.025952,-0.458903,-0.461901,-0.468329,-0.471735,-0.442157,-0.408312,-0.406178,20.764425,23.236503,27.851679,41.861956,80.746361,201.575710,399.660526,0.003962,0.003433,0.002349,0.000428,-0.000810,-0.000731,-0.000047,0.211019,0.185940,0.202617,0.059240,0.003913,-0.000093
114,-0.874175,-0.882651,-0.893921,-0.919261,-0.953381,-0.979349,-0.987626,0.003172,0.002463,0.001168,0.000023,0.000161,0.000019,0.000043,0.056325,0.049625,0.034182,0.004767,-0.012680,-0.004406,-0.006591,0.580782,0.579742,0.575914,0.560879,0.520052,0.447274,0.390163,0.971223,1.077452,1.276738,1.879627,3.489761,7.728439,13.047856,-0.875135,-0.988872,-1.199611,-1.834913,-3.480314,-7.727724,-13.047856,4.561336,4.825227,5.282729,6.476559,8.993281,14.210923,20.006735,11328.000000,10122.000000,8444.000000,5617.000000,2912.000000,1161.000000,576.000000,0.212924,0.278690,0.407574,0.257504,0.102754,0.050936,-1.238293,-0.468535,-0.630409,-0.348319,-0.117072,-0.055401,0.971223,1.077452,1.276738,1.879627,3.489761,7.728439,13.047856,-0.483067,-0.486760,-0.494220,-0.498962,-0.469572,-0.442656,-0.419082,20.805784,23.282813,27.907222,41.945823,80.879110,201.950324,400.269464,0.002530,0.002064,0.001099,-0.000517,-0.001038,-0.000217,-0.000141,0.206609,0.178631,0.184583,0.041853,0.000468,-0.000093
138,-0.879887,-0.888275,-0.899401,-0.924377,-0.957509,-0.981112,-0.988460,0.002494,0.001873,0.000754,0.000002,0.000157,0.000001,0.000229,0.049936,0.043283,0.027452,-0.001364,-0.012520,-0.001099,-0.015142,0.580584,0.579524,0.575675,0.560542,0.519588,0.446880,0.389962,0.973430,1.080019,1.280009,1.884806,3.500159,7.741638,13.058875,-0.880864,-0.995186,-1.206981,-1.844835,-3.495385,-7.741638,-13.058875,4.563650,4.827677,5.285418,6.479297,8.997934,14.217806,20.014875,11328.000000,10122.000000,8444.000000,5618.000000,2912.000000,1161.000000,576.000000,0.219103,0.283722,0.414195,0.260240,0.102666,0.050847,-1.303252,-0.495050,-0.656889,-0.362648,-0.116112,-0.053571,0.973430,1.080019,1.280009,1.884806,3.500159,7.741638,13.058875,-0.498742,-0.503027,-0.511413,-0.517674,-0.489600,-0.448078,-0.421887,20.826898,23.306470,27.935642,41.981290,80.962822,202.146017,400.595204,0.001998,0.001585,0.000714,-0.000642,-0.000772,-0.000120,-0.000236,0.203345,0.174164,0.171145,0.029635,-0.000197,0.000000
162,-0.884865,-0.893123,-0.904085,-0.928641,-0.960878,-0.982463,-0.989379,0.002169,0.001606,0.000588,0.000011,0.000039,0.000071,0.000021,0.046576,0.040081,0.024242,-0.003243,-0.006232,0.008438,0.004539,0.580572,0.579449,0.575515,0.560202,0.519094,0.446540,0.389741,0.975312,1.082272,1.282932,1.889521,3.509671,7.752296,13.071009,-0.885860,-1.000630,-1.213282,-1.853052,-3.507682,-7.752296,-13.071009,4.565242,4.829366,5.287273,6.481012,9.001122,14.222436,20.020437,11328.000000,10122.000000,8444.000000,5619.000000,2912.000000,1161.000000,576.000000,0.223517,0.287253,0.419933,0.262006,0.102489,0.050847,-1.349651,-0.513656,-0.679838,-0.371892,-0.114193,-0.053571,0.975312,1.082272,1.282932,1.889521,3.509671,7.752296,13.071009,-0.508868,-0.513488,-0.522285,-0.529085,-0.503890,-0.444293,-0.410204,20.841431,23.322777,27.955260,42.003516,81.020205,202.277675,400.817902,0.001723,0.001350,0.000556,-0.000598,-0.000416,0.000045,-0.000000,0.205709,0.172395,0.159499,0.020072,0.000000,0.000000
186,-0.888717,-0.896810,-0.907614,-0.931694,-0.963148,-0.983377,-0.989859,0.001887,0.001375,0.000468,0.000018,0.000001,0.000197,0.000058,0.043436,0.037083,0.021638,-0.004273,-0.000982,0.014041,0.007586,0.580654,0.579437,0.575417,0.559876,0.518662,0.446310,0.389625,0.976695,1.084005,1.285218,1.893330,3.516818,7.759511,13.077357,-0.889723,-1.004769,-1.218027,-1.858840,-3.515968,-7.759511,-13.077357,4.566440,4.830639,5.288673,6.482169,9.003524,14.225768,20.024256,11328.000000,10122.000000,8444.000000,5620.000000,2912.000000,1161.000000,576.000000,0.227489,0.290431,0.424347,0.262977,0.102489,0.050847,-1.391410,-0.530402,-0.697489,-0.376977,-0.114193,-0.053571,0.976695,1.084005,1.285218,1.893330,3.516818,7.759511,13.077357,-0.513524,-0.518069,-0.526402,-0.531816,-0.504267,-0.439742,-0.407693,20.852370,23.335071,27.970065,42.018518,81.063452,202.372472,400.970830,0.001526,0.001178,0.000438,-0.000592,-0.000232,0.000130,0.000032,0.207837,0.171328,0.150527,0.014048,0.000000,0.000000
210,-0.892160,-0.900104,-0.910763,-0.934358,-0.964949,-0.984045,-0.990209,0.001715,0.001243,0.000414,0.000016,0.000015,0.000277,0.000055,0.041410,0.035262,0.020339,-0.003995,0.003839,0.016655,0.007434,0.580837,0.579532,0.575429,0.559647,0.518255,0.446142,0.389541,0.977716,1.085312,1.286976,1.896380,3.522956,7.764783,13.081982,-0.893173,-1.008464,-1.222259,-1.863841,-3.522542,-7.764783,-13.081982,4.567397,4.831656,5.289792,6.482983,9.005456,14.228389,20.027289,11328.000000,10122.000000,8444.000000,5621.000000,2912.000000,1161.000000,576.000000,0.231727,0.292814,0.427966,0.263506,0.102489,0.050847,-1.435953,-0.542962,-0.711963,-0.379750,-0.114193,-0.053571,0.977716,1.085312,1.286976,1.896380,3.522956,7.764783,13.081982,-0.516565,-0.520937,-0.528663,-0.532418,-0.501976,-0.436823,-0.407291,20.861112,23.344898,27.981900,42.029066,81.098245,202.447045,401.092294,0.001401,0.001075,0.000384,-0.000548,-0.000090,0.000166,0.000031,0.209668,0.172240,0.143158,0.009742,0.000000,0.000000
234,-0.895325,-0.903145,-0.913630,-0.936765,-0.966325,-0.984652,-0.990590,0.001379,0.000967,0.000269,0.000049,0.000000,0.000097,0.000004,0.037134,0.031097,0.016412,-0.006985,0.000484,0.009867,-0.001928,0.581110,0.579734,0.575531,0.559518,0.517924,0.445990,0.389450,0.978406,1.086224,1.288300,1.899049,3.527800,7.769574,13.087018,-0.896341,-1.011870,-1.226105,-1.868641,-3.527565,-7.769574,-13.087018,4.568532,4.832860,5.291117,6.484625,9.007740,14.231696,20.031471,11328.000000,10122.000000,8444.000000,5621.000000,2912.000000,1161.000000,576.000000,0.235876,0.296081,0.431232,0.263683,0.102489,0.050847,-1.479568,-0.560173,-0.725029,-0.380675,-0.114193,-0.053571,0.978406,1.086224,1.288300,1.899049,3.527800,7.769574,13.087018,-0.520918,-0.525203,-0.532565,-0.535154,-0.505028,-0.441304,-0.413559,20.871480,23.356534,27.995914,42.050367,81.139387,202.541178,401.259840,0.001176,0.000871,0.000220,-0.000628,-0.000161,0.000068,-0.000058,0.208677,0.170369,0.136484,0.006809,0.000000,0.000000
258,-0.898264,-0.905947,-0.916259,-0.938860,-0.967469,-0.985136,-0.990899,0.001192,0.000819,0.000202,0.000074,0.000003,0.000022,0.000062,0.034530,0.028616,0.014214,-0.008594,-0.001587,0.004735,-0.007863,0.581482,0.580027,0.575728,0.559436,0.517645,0.445869,0.389376,0.978769,1.086784,1.289200,1.901244,3.531854,7.773389,13.091098,-0.899285,-1.015010,-1.229635,-1.872821,-3.531744,-7.773389,-13.091098,4.569421,4.833805,5.292158,6.485925,9.009550,14.234272,20.034646,11328.000000,10122.000000,8444.000000,5621.000000,2912.000000,1161.000000,576.000000,0.240819,0.299965,0.434763,0.263330,0.102489,0.050847,-1.531535,-0.580641,-0.739154,-0.378826,-0.114193,-0.053571,0.978769,1.086784,1.289200,1.901244,3.531854,7.773389,13.091098,-0.524089,-0.528290,-0.535260,-0.536870,-0.506678,-0.444492,-0.418409,20.879610,23.365671,28.006933,42.067227,81.171985,202.614500,401.387045,0.001040,0.000752,0.000136,-0.000657,-0.000199,-0.000001,-0.000109,0.208257,0.167898,0.129280,0.005263,0.000000,0.000000
282,-0.901014,-0.908556,-0.918643,-0.940783,-0.968475,-0.985640,-0.991264,0.001006,0.000670,0.000133,0.000115,0.000025,0.000000,0.000090,0.031716,0.025877,0.011526,-0.010704,-0.004992,0.000505,-0.009490,0.581858,0.580324,0.575894,0.559381,0.517386,0.445742,0.389288,0.979040,1.087244,1.290052,1.903173,3.535527,7.777363,13.095917,-0.902038,-1.017934,-1.232835,-1.876656,-3.535416,-7.777363,-13.095917,4.570282,4.834720,5.293167,6.487182,9.011302,14.236822,20.037887,11328.000000,10122.000000,8444.000000,5621.000000,2912.000000,1161.000000,576.000000,0.244792,0.303143,0.436529,0.262624,0.102489,0.050847,-1.573294,-0.597387,-0.746216,-0.375128,-0.114193,-0.053571,0.979040,1.087244,1.290052,1.903173,3.535527,7.777363,13.095917,-0.527251,-0.531402,-0.538185,-0.538879,-0.508420,-0.447304,-0.419533,20.887476,23.374514,28.017614,42.083534,81.203556,202.687087,401.516917,0.000900,0.000628,0.000035,-0.000703,-0.000268,-0.000054,-0.000118,0.210385,0.166831,0.125628,0.004866,0.000000,0.000000
306,-0.903628,-0.910986,-0.920878,-0.942583,-0.969369,-0.986088,-0.991540,0.000868,0.000555,0.000087,0.000150,0.000068,0.000011,0.000217,0.029464,0.023564,0.009342,-0.012254,-0.008227,-0.003364,-0.014731,0.582287,0.580645,0.576108,0.559376,0.517155,0.445630,0.389222,0.979130,1.087551,1.290672,1.904776,3.538788,7.780900,13.099567,-0.904655,-1.020655,-1.235834,-1.880248,-3.538678,-7.780900,-13.099567,4.571047,4.835536,5.294067,6.488304,9.012868,14.239088,20.040678,11328.000000,10122.000000,8444.000000,5621.000000,2912.000000,1161.000000,576.000000,0.248588,0.305526,0.438559,0.262006,0.102489,0.050847,-1.613198,-0.609946,-0.754338,-0.371892,-0.114193,-0.053571,0.979130,1.087551,1.290672,1.904776,3.538788,7.780900,13.099567,-0.530011,-0.534122,-0.540662,-0.540431,-0.509863,-0.448775,-0.423338,20.894470,23.382412,28.027150,42.098094,81.231797,202.751625,401.628786,0.000792,0.000528,-0.000041,-0.000728,-0.000331,-0.000101,-0.000159,0.210519,0.166830,0.121458,0.004351,0.000000,0.000000
330,-0.906113,-0.913306,-0.923018,-0.944311,-0.970277,-0.986497,-0.991852,0.000712,0.000428,0.000044,0.000209,0.000138,0.000094,0.000374,0.026677,0.020699,0.006603,-0.014466,-0.011766,-0.009716,-0.019338,0.582656,0.580919,0.576282,0.559335,0.516922,0.445528,0.389147,0.979302,1.087929,1.291360,1.906747,3.542103,7.784124,13.103683,-0.907140,-1.023252,-1.238702,-1.884011,-3.541992,-7.784124,-13.103683,4.571829,4.836372,5.294989,6.490025,9.014462,14.241394,20.043705,11328.000000,10122.000000,8444.000000,5620.000000,2912.000000,1161.000000,576.000000,0.253001,0.308616,0.441472,0.261564,0.102489,0.050847,-1.659597,-0.626227,-0.765996,-0.369581,-0.114193,-0.053571,0.979302,1.087929,1.291360,1.906747,3.542103,7.784124,13.103683,-0.533023,-0.537002,-0.543296,-0.542362,-0.512189,-0.451840,-0.426073,20.901624,23.390498,28.036904,42.120421,81.260522,202.817307,401.750116,0.000665,0.000409,-0.000135,-0.000774,-0.000396,-0.000177,-0.000192,0.209231,0.165425,0.115475,0.002924,0.000000,0.000000
354,-0.908464,-0.915500,-0.925020,-0.945863,-0.971158,-0.986977,-0.992172,0.000596,0.000338,0.000019,0.000272,0.000197,0.000100,0.000286,0.024419,0.018389,0.004371,-0.016478,-0.014050,-0.010008,-0.016917,0.582998,0.581172,0.576426,0.559238,0.516697,0.445407,0.389071,0.979475,1.088298,1.292052,1.908802,3.545303,7.787914,13.107910,-0.909474,-1.025688,-1.241362,-1.887390,-3.545209,-7.787914,-13.107910,4.572523,4.837114,5.295807,6.491622,9.015879,14.243444,20.046219,11328.000000,10122.000000,8444.000000,5619.000000,2912.000000,1161.000000,576.000000,0.257327,0.311706,0.443150,0.261211,0.102489,0.050847,-1.705068,-0.642508,-0.772711,-0.367732,-0.114193,-0.053571,0.979475,1.088298,1.292052,1.908802,3.545303,7.787914,13.107910,-0.535645,-0.539485,-0.545599,-0.544142,-0.513859,-0.451287,-0.423554,20.907970,23.397674,28.045568,42.141154,81.286075,202.875684,401.850884,0.000566,0.000317,-0.000206,-0.000812,-0.000430,-0.000174,-0.000167,0.206582,0.163563,0.111964,0.002276,0.000000,0.000000
378,-0.908893,-0.915725,-0.925072,-0.945522,-0.970059,-0.985276,-0.989944,0.002847,0.002556,0.001996,0.001391,0.001575,0.001427,0.000828,0.053353,0.050562,0.044674,0.037301,0.039681,0.037778,0.028782,0.584378,0.582442,0.577618,0.560271,0.517704,0.446649,0.390266,0.977789,1.086639,1.290287,1.907086,3.542267,7.774497,13.078482,-0.909864,-1.025897,-1.241378,-1.886950,-3.542224,-7.774497,-13.078482,4.567744,4.832066,5.290284,6.485445,9.008043,14.228421,20.024443,11328.000000,10122.000000,8444.000000,5618.000000,2911.000000,1161.000000,576.000000,0.261653,0.314354,0.444297,0.260417,0.102401,0.050759,-1.750539,-0.656463,-0.777306,-0.363879,-0.113233,-0.051742,0.977789,1.086639,1.290287,1.907086,3.542267,7.774497,13.078482,-0.400095,-0.393747,-0.384299,-0.358603,-0.465779,-1.730563,-3.660880,20.864282,23.348859,27.987110,42.060992,81.144843,202.447970,400.978306,0.002691,0.002425,0.001884,0.001207,0.001298,0.000906,0.000087,0.206123,0.163207,0.109516,0.002782,0.000861,0.001736
402,-0.911571,-0.918214,-0.927371,-0.947477,-0.971450,-0.986473,-0.991139,0.001670,0.001375,0.000851,0.000371,0.000510,0.000498,0.000161,0.040864,0.037085,0.029166,0.019269,0.022574,0.022322,0.012689,0.584332,0.582281,0.577338,0.559767,0.517038,0.445885,0.389318,0.978506,1.087654,1.291757,1.910187,3.547344,7.783937,13.094262,-0.912532,-1.028670,-1.244445,-1.891144,-3.547300,-7.783937,-13.094262,4.570863,4.835374,5.293914,6.490487,9.014246,14.238104,20.037876,11328.000000,10122.000000,8444.000000,5617.000000,2911.000000,1161.000000,576.000000,0.265802,0.317620,0.446239,0.259534,0.102401,0.050759,-1.794154,-0.673674,-0.785081,-0.359255,-0.113233,-0.051742,0.978506,1.087654,1.291757,1.910187,3.547344,7.783937,13.094262,-0.458234,-0.454346,-0.447613,-0.415852,-0.381610,-0.997067,-2.389671,20.892793,23.380841,28.025524,42.126423,81.256636,202.723597,401.516458,0.001561,0.001303,0.000787,0.000179,0.000365,0.000270,-0.000225,0.204401,0.160880,0.105466,0.003296,0.000861,0.001736
426,-0.914681,-0.921150,-0.930105,-0.949878,-0.973417,-0.988361,-0.993128,0.000286,0.000105,0.000015,0.000579,0.000559,0.000096,0.000021,0.016917,0.010255,-0.003932,-0.024072,-0.023650,-0.009774,-0.004529,0.583999,0.581843,0.576773,0.558991,0.516107,0.445061,0.388841,0.979698,1.089183,1.293858,1.914205,3.554528,7.798834,13.120548,-0.915641,-1.031954,-1.248107,-1.896248,-3.554485,-7.798834,-13.120548,4.574456,4.839182,5.298090,6.496200,9.021384,14.249281,20.053402,11328.000000,10122.000000,8444.000000,5616.000000,2911.000000,1161.000000,576.000000,0.269862,0.320533,0.447299,0.258828,0.102489,0.050847,-1.836841,-0.689025,-0.789323,-0.355557,-0.114193,-0.053571,0.979698,1.089183,1.293858,1.914205,3.554528,7.798834,13.120548,-0.543544,-0.547398,-0.553135,-0.549728,-0.517823,-0.446699,-0.413167,20.925645,23.417679,28.069760,42.200617,81.385366,203.042019,402.138942,0.000263,0.000019,-0.000464,-0.000974,-0.000590,-0.000155,-0.000059,0.202778,0.159255,0.103170,0.003348,0.000000,0.000000
450,-0.916600,-0.922889,-0.931644,-0.951111,-0.974165,-0.988760,-0.993350,0.000229,0.000069,0.000036,0.000656,0.000597,0.000058,0.000005,0.015146,0.008309,-0.005966,-0.025622,-0.024432,-0.007647,-0.002274,0.584266,0.582006,0.576820,0.558868,0.515917,0.444962,0.388788,0.979864,1.089570,1.294586,1.916106,3.557246,7.801982,13.123475,-0.917555,-1.033895,-1.250165,-1.899024,-3.557216,-7.801982,-13.123475,4.574990,4.839753,5.298724,6.497568,9.022478,14.250811,20.055136,11328.000000,10122.000000,8444.000000,5615.000000,2911.000000,1161.000000,576.000000,0.273040,0.322652,0.448535,0.258386,0.102489,0.050847,-1.870249,-0.700189,-0.794273,-0.353245,-0.114193,-0.053571,0.979864,1.089570,1.294586,1.916106,3.557246,7.801982,13.123475,-0.545523,-0.549376,-0.554954,-0.550640,-0.516849,-0.443114,-0.411354,20.930533,23.423213,28.076473,42.218394,81.405104,203.085616,402.208475,0.000198,-0.000046,-0.000519,-0.000997,-0.000594,-0.000128,-0.000041,0.204334,0.159381,0.100525,0.003268,0.000000,0.000000
474,-0.918442,-0.924546,-0.933120,-0.952269,-0.974856,-0.989070,-0.993561,0.000208,0.000055,0.000047,0.000675,0.000559,0.000041,0.000006,0.014433,0.007432,-0.006839,-0.025972,-0.023643,-0.006428,0.002417,0.584548,0.582180,0.576890,0.558760,0.515740,0.444884,0.388738,0.979965,1.089890,1.295209,1.917872,3.559769,7.804432,13.126260,-0.919396,-1.035747,-1.252140,-1.901653,-3.559739,-7.804432,-13.126260,4.575413,4.840208,5.299227,6.498779,9.023352,14.252042,20.056605,11328.000000,10122.000000,8444.000000,5614.000000,2911.000000,1161.000000,576.000000,0.276836,0.325300,0.448976,0.257680,0.102489,0.050847,-1.910152,-0.714144,-0.796044,-0.349546,-0.114193,-0.053571,0.979965,1.089890,1.295209,1.917872,3.559769,7.804432,13.126260,-0.546841,-0.550720,-0.556119,-0.550761,-0.515036,-0.440357,-0.408000,20.934407,23.427610,28.081809,42.234130,81.420875,203.120697,402.267387,0.000175,-0.000070,-0.000532,-0.000984,-0.000567,-0.000112,-0.000006,0.203738,0.158339,0.099478,0.003769,0.000000,0.000000
498,-0.920178,-0.926126,-0.934553,-0.953418,-0.975466,-0.989356,-0.993728,0.000180,0.000040,0.000062,0.000695,0.000576,0.000041,0.000009,0.013424,0.006316,-0.007870,-0.026368,-0.023991,-0.006394,0.002959,0.584830,0.582373,0.577000,0.558705,0.515584,0.444813,0.388698,0.980021,1.090126,1.295685,1.919402,3.561994,7.806686,13.128466,-0.921130,-1.037513,-1.254058,-1.904269,-3.561964,-7.806686,-13.128466,4.575840,4.840664,5.299731,6.499986,9.024222,14.253260,20.058005,11328.000000,10122.000000,8444.000000,5613.000000,2911.000000,1161.000000,576.000000,0.280632,0.327595,0.449859,0.257150,0.102489,0.050847,-1.950055,-0.726238,-0.799581,-0.346772,-0.114193,-0.053571,0.980021,1.090126,1.295685,1.919402,3.561994,7.806686,13.128466,-0.548210,-0.552100,-0.557318,-0.551022,-0.513707,-0.438551,-0.407688,20.938311,23.432025,28.087146,42.249821,81.436575,203.155426,402.323560,0.000141,-0.000101,-0.000551,-0.000972,-0.000565,-0.000110,-0.000001,0.202412,0.158000,0.097529,0.004481,0.000000,0.000000
522,-0.921842,-0.927684,-0.935986,-0.954561,-0.976079,-0.989736,-0.994008,0.000120,0.000014,0.000106,0.000805,0.000709,0.000032,0.000095,0.010958,0.003804,-0.010281,-0.028376,-0.026636,-0.005662,0.009745,0.585022,0.582504,0.577061,0.558615,0.515427,0.444718,0.388631,0.980259,1.090513,1.296312,1.920801,3.564235,7.809688,13.132171,-0.922797,-1.039259,-1.255983,-1.906551,-3.564205,-7.809688,-13.132171,4.576371,4.841229,5.300354,6.500758,9.025284,14.254831,20.059947,11328.000000,10122.000000,8444.000000,5613.000000,2911.000000,1161.000000,576.000000,0.284605,0.331480,0.451271,0.257150,0.102489,0.050847,-1.991814,-0.746706,-0.805231,-0.346772,-0.114193,-0.053571,0.980259,1.090513,1.296312,1.920801,3.564235,7.809688,13.132171,-0.550433,-0.554280,-0.559248,-0.552442,-0.514248,-0.435664,-0.403347,20.943172,23.437499,28.093749,42.259859,81.455754,203.200214,402.401474,0.000055,-0.000180,-0.000614,-0.001004,-0.000604,-0.000100,0.000047,0.200887,0.153702,0.094577,0.003807,0.000000,0.000000
546,-0.923436,-0.929147,-0.937320,-0.955623,-0.976681,-0.990080,-0.994239,0.000032,0.000003,0.000258,0.001181,0.001209,0.000254,0.000009,0.005625,-0.001810,-0.016050,-0.034362,-0.034773,-0.015937,-0.003078,0.585192,0.582598,0.577082,0.558499,0.515275,0.444632,0.388576,0.980520,1.090951,1.297005,1.922241,3.566415,7.812399,13.135228,-0.924391,-1.040897,-1.257771,-1.908674,-3.566404,-7.812399,-13.135228,4.577115,4.842020,5.301223,6.501832,9.026765,14.257048,20.062830,11328.000000,10122.000000,8444.000000,5613.000000,2911.000000,1161.000000,576.000000,0.288400,0.334657,0.452507,0.257415,0.102489,0.050847,-2.031718,-0.763452,-0.810175,-0.348159,-0.114193,-0.053571,0.980520,1.090951,1.297005,1.922241,3.566415,7.812399,13.135228,-0.554470,-0.558438,-0.563422,-0.556609,-0.519275,-0.441791,-0.412643,20.949984,23.445162,28.102970,42.273823,81.482483,203.263414,402.517144,-0.000129,-0.000362,-0.000782,-0.001142,-0.000740,-0.000202,-0.000041,0.198830,0.151265,0.091974,0.002327,0.000000,0.000000
570,-0.924986,-0.930569,-0.938593,-0.956684,-0.977270,-0.990417,-0.994519,0.000001,0.000078,0.000548,0.001761,0.002077,0.000967,0.000327,-0.001044,-0.008826,-0.023409,-0.041964,-0.045575,-0.031090,-0.018085,0.585347,0.582679,0.577077,0.558369,0.515126,0.444548,0.388509,0.980795,1.091401,1.297738,1.924023,3.568554,7.815057,13.138918,-0.925935,-1.042482,-1.259469,-1.911106,-3.568554,-7.815057,-13.138918,4.577943,4.842900,5.302190,6.503604,9.028410,14.259536,20.066216,11328.000000,10122.000000,8444.000000,5612.000000,2911.000000,1161.000000,576.000000,0.292196,0.337041,0.453478,0.257680,0.102489,0.050847,-2.071621,-0.776011,-0.814065,-0.349546,-0.114193,-0.053571,0.980795,1.091401,1.297738,1.924023,3.568554,7.815057,13.138918,-0.559340,-0.563508,-0.568656,-0.561703,-0.526411,-0.452042,-0.424072,20.957563,23.453679,28.113221,42.296870,81.512185,203.334372,402.653037,-0.000354,-0.000583,-0.000993,-0.001319,-0.000916,-0.000347,-0.000138,0.196773,0.150351,0.089850,0.001072,0.000000,0.000000
594,-0.926458,-0.931897,-0.939813,-0.957675,-0.977882,-0.990761,-0.994672,0.000014,0.000137,0.000690,0.001981,0.002291,0.000968,0.000525,-0.003710,-0.011716,-0.026260,-0.044507,-0.047869,-0.031114,-0.022916,0.585510,0.582759,0.577096,0.558244,0.514970,0.444462,0.388472,0.981014,1.091809,1.298368,1.925713,3.570788,7.817775,13.140945,-0.927395,-1.043953,-1.261087,-1.913386,-3.570788,-7.817775,-13.140945,4.578425,4.843413,5.302756,6.504884,9.029377,14.260944,20.067833,11328.000000,10122.000000,8444.000000,5611.000000,2911.000000,1161.000000,576.000000,0.295286,0.338806,0.454449,0.257857,0.102489,0.050847,-2.104100,-0.785314,-0.817956,-0.350471,-0.114193,-0.053571,0.981014,1.091809,1.298368,1.925713,3.570788,7.817775,13.140945,-0.561610,-0.565882,-0.570887,-0.563461,-0.527482,-0.451590,-0.428173,20.961973,23.458654,28.119216,42.313521,81.529648,203.374531,402.717923,-0.000434,-0.000663,-0.001060,-0.001357,-0.000935,-0.000335,-0.000167,0.196968,0.150722,0.087731,0.000160,0.000000,0.000000
618,-0.927863,-0.933190,-0.940966,-0.958637,-0.978398,-0.991087,-0.994821,0.000025,0.000172,0.000765,0.002042,0.002379,0.000718,0.000414,-0.005045,-0.013120,-0.027659,-0.045192,-0.048772,-0.026800,-0.020358,0.585669,0.582853,0.577110,0.558137,0.514838,0.444381,0.388437,0.981220,1.092165,1.298977,1.927310,3.572672,7.820348,13.142915,-0.928793,-1.045393,-1.262623,-1.915625,-3.572672,-7.820348,-13.142915,4.578786,4.843799,5.303181,6.505992,9.030100,14.261987,20.068934,11328.000000,10122.000000,8444.000000,5610.000000,2911.000000,1161.000000,576.000000,0.298817,0.340837,0.456038,0.257768,0.102489,0.050847,-2.141219,-0.796013,-0.824318,-0.350009,-0.114193,-0.053571,0.981220,1.092165,1.298977,1.927310,3.572672,7.820348,13.142915,-0.562923,-0.567206,-0.572061,-0.563856,-0.527881,-0.448041,-0.427201,20.965282,23.462385,28.123732,42.327929,81.542703,203.404283,402.762103,-0.000467,-0.000693,-0.001081,-0.001346,-0.000930,-0.000284,-0.000148,0.195937,0.151195,0.084373,0.000054,0.000000,0.000000
642,-0.929241,-0.934444,-0.942095,-0.959524,-0.978893,-0.991348,-0.994995,0.000047,0.000228,0.000877,0.002199,0.002567,0.000737,0.000328,-0.006870,-0.015085,-0.029607,-0.046888,-0.050670,-0.027145,-0.018116,0.585839,0.582952,0.577138,0.558030,0.514712,0.444316,0.388395,0.981388,1.092491,1.299530,1.928839,3.574480,7.822408,13.145214,-0.930168,-1.046793,-1.264133,-1.917718,-3.574480,-7.822408,-13.145214,4.579178,4.844216,5.303642,6.507143,9.030883,14.263093,20.070270,11328.000000,10122.000000,8444.000000,5609.000000,2911.000000,1161.000000,576.000000,0.301730,0.342691,0.456480,0.257680,0.102489,0.050847,-2.171843,-0.805782,-0.826090,-0.349546,-0.114193,-0.053571,0.981388,1.092491,1.299530,1.928839,3.574480,7.822408,13.145214,-0.564498,-0.568845,-0.573559,-0.564955,-0.528505,-0.447325,-0.426855,20.968869,23.466430,28.128616,42.342905,81.556844,203.435835,402.815740,-0.000516,-0.000740,-0.001119,-0.001362,-0.000944,-0.000280,-0.000131,0.197790,0.151676,0.083298,-0.000052,0.000000,0.000000
666,-0.930569,-0.935656,-0.943165,-0.960388,-0.979378,-0.991619,-0.995194,0.000096,0.000332,0.001082,0.002502,0.002984,0.000944,0.000353,-0.009814,-0.018215,-0.032890,-0.050024,-0.054628,-0.030723,-0.018789,0.586008,0.583055,0.577160,0.557936,0.514588,0.444249,0.388348,0.981534,1.092783,1.300065,1.930291,3.576250,7.824541,13.147840,-0.931488,-1.048140,-1.265555,-1.919758,-3.576250,-7.824541,-13.147840,4.579640,4.844708,5.304184,6.508393,9.031807,14.264433,20.071981,11328.000000,10122.000000,8444.000000,5608.000000,2911.000000,1161.000000,576.000000,0.304379,0.344191,0.456391,0.257504,0.102489,0.050847,-2.199682,-0.813690,-0.825743,-0.348622,-0.114193,-0.053571,0.981534,1.092783,1.300065,1.930291,3.576250,7.824541,13.147840,-0.566751,-0.571237,-0.575962,-0.567037,-0.530397,-0.449442,-0.427959,20.973107,23.471197,28.134370,42.359183,81.573535,203.474056,402.884436,-0.000600,-0.000822,-0.001194,-0.001413,-0.000994,-0.000304,-0.000130,0.199939,0.152859,0.083288,-0.000039,0.000000,0.000000
690,-0.931865,-0.936823,-0.944206,-0.961223,-0.979888,-0.991904,-0.995342,0.000141,0.000418,0.001237,0.002702,0.003164,0.000886,0.000372,-0.011860,-0.020446,-0.035164,-0.051985,-0.056254,-0.029769,-0.019296,0.586173,0.583146,0.577178,0.557833,0.514458,0.444177,0.388312,0.981677,1.093088,1.300594,1.931755,3.578112,7.826796,13.149794,-0.932776,-1.049436,-1.266938,-1.921739,-3.578112,-7.826796,-13.149794,4.580026,4.845120,5.304638,6.509535,9.032580,14.265544,20.073248,11328.000000,10122.000000,8444.000000,5607.000000,2911.000000,1161.000000,576.000000,0.307380,0.346045,0.456656,0.257415,0.102489,0.050847,-2.231234,-0.823458,-0.826809,-0.348159,-0.114193,-0.053571,0.981677,1.093088,1.300594,1.931755,3.578112,7.826796,13.149794,-0.568361,-0.572922,-0.577581,-0.568129,-0.530612,-0.448248,-0.428491,20.976640,23.475184,28.139180,42.374052,81.587509,203.505746,402.935277,-0.000653,-0.000875,-0.001239,-0.001435,-0.001002,-0.000286,-0.000128,0.200962,0.153340,0.082563,-0.000145,0.000000,0.000000
714,-0.933101,-0.937926,-0.945184,-0.961966,-0.980352,-0.992138,-0.995483,0.000182,0.000496,0.001373,0.002897,0.003320,0.000903,0.000371,-0.013489,-0.022281,-0.037059,-0.053822,-0.057619,-0.030052,-0.019253,0.586361,0.583257,0.577220,0.557748,0.514340,0.444119,0.388279,0.981742,1.093309,1.301019,1.933065,3.579806,7.828636,13.151658,-0.934008,-1.050666,-1.268245,-1.923549,-3.579806,-7.828636,-13.151658,4.580365,4.845482,5.305037,6.510611,9.033264,14.266514,20.074417,11328.000000,10122.000000,8444.000000,5606.000000,2911.000000,1161.000000,576.000000,0.309675,0.347458,0.455685,0.257239,0.102489,0.050847,-2.255361,-0.830901,-0.822931,-0.347235,-0.114193,-0.053571,0.981742,1.093309,1.301019,1.933065,3.579806,7.828636,13.151658,-0.569744,-0.574447,-0.579070,-0.569360,-0.530972,-0.448203,-0.428251,20.979748,23.478692,28.143416,42.388060,81.599860,203.533414,402.982235,-0.000691,-0.000914,-0.001271,-0.001453,-0.001004,-0.000281,-0.000123,0.204967,0.154870,0.084321,-0.000132,0.000000,0.000000
