LEAD HOUR,BIAS FRACTION All data,BIAS FRACTION >= 0.39644 [Pr = 0.1],BIAS FRACTION >= 0.56634 [Pr = 0.25],BIAS FRACTION >= 1.38753 [Pr = 0.5],BIAS FRACTION >= 5.57842 [Pr = 0.75],BIAS FRACTION >= 21.69354 [Pr = 0.9],BIAS FRACTION >= 42.47527 [Pr = 0.95],COEFFICIENT OF DETERMINATION All data,COEFFICIENT OF DETERMINATION >= 0.39644 [Pr = 0.1],COEFFICIENT OF DETERMINATION >= 0.56634 [Pr = 0.25],COEFFICIENT OF DETERMINATION >= 1.38753 [Pr = 0.5],COEFFICIENT OF DETERMINATION >= 5.57842 [Pr = 0.75],COEFFICIENT OF DETERMINATION >= 21.69354 [Pr = 0.9],COEFFICIENT OF DETERMINATION >= 42.47527 [Pr = 0.95],PEARSON CORRELATION COEFFICIENT All data,PEARSON CORRELATION COEFFICIENT >= 0.39644 [Pr = 0.1],PEARSON CORRELATION COEFFICIENT >= 0.56634 [Pr = 0.25],PEARSON CORRELATION COEFFICIENT >= 1.38753 [Pr = 0.5],PEARSON CORRELATION COEFFICIENT >= 5.57842 [Pr = 0.75],PEARSON CORRELATION COEFFICIENT >= 21.69354 [Pr = 0.9],PEARSON CORRELATION COEFFICIENT >= 42.47527 [Pr = 0.95],INDEX OF AGREEMENT All data,INDEX OF AGREEMENT >= 0.39644 [Pr = 0.1],INDEX OF AGREEMENT >= 0.56634 [Pr = 0.25],INDEX OF AGREEMENT >= 1.38753 [Pr = 0.5],INDEX OF AGREEMENT >= 5.57842 [Pr = 0.75],INDEX OF AGREEMENT >= 21.69354 [Pr = 0.9],INDEX OF AGREEMENT >= 42.47527 [Pr = 0.95],MEAN ABSOLUTE ERROR All data,MEAN ABSOLUTE ERROR >= 0.39644 [Pr = 0.1],MEAN ABSOLUTE ERROR >= 0.56634 [Pr = 0.25],MEAN ABSOLUTE ERROR >= 1.38753 [Pr = 0.5],MEAN ABSOLUTE ERROR >= 5.57842 [Pr = 0.75],MEAN ABSOLUTE ERROR >= 21.69354 [Pr = 0.9],MEAN ABSOLUTE ERROR >= 42.47527 [Pr = 0.95],MEAN ERROR All data,MEAN ERROR >= 0.39644 [Pr = 0.1],MEAN ERROR >= 0.56634 [Pr = 0.25],MEAN ERROR >= 1.38753 [Pr = 0.5],MEAN ERROR >= 5.57842 [Pr = 0.75],MEAN ERROR >= 21.69354 [Pr = 0.9],MEAN ERROR >= 42.47527 [Pr = 0.95],ROOT MEAN SQUARE ERROR All data,ROOT MEAN SQUARE ERROR >= 0.39644 [Pr = 0.1],ROOT MEAN SQUARE ERROR >= 0.56634 [Pr = 0.25],ROOT MEAN SQUARE ERROR >= 1.38753 [Pr = 0.5],ROOT MEAN SQUARE ERROR >= 5.57842 [Pr = 0.75],ROOT MEAN SQUARE ERROR >= 21.69354 [Pr = 0.9],ROOT MEAN SQUARE ERROR >= 42.47527 [Pr = 0.95],SAMPLE SIZE All data,SAMPLE SIZE >= 0.39644 [Pr = 0.1],SAMPLE SIZE >= 0.56634 [Pr = 0.25],SAMPLE SIZE >= 1.38753 [Pr = 0.5],SAMPLE SIZE >= 5.57842 [Pr = 0.75],SAMPLE SIZE >= 21.69354 [Pr = 0.9],SAMPLE SIZE >= 42.47527 [Pr = 0.95],BRIER SCORE MAIN >= 0.39644 [Pr = 0.1],BRIER SCORE MAIN >= 0.56634 [Pr = 0.25],BRIER SCORE MAIN >= 1.38753 [Pr = 0.5],BRIER SCORE MAIN >= 5.57842 [Pr = 0.75],BRIER SCORE MAIN >= 21.69354 [Pr = 0.9],BRIER SCORE MAIN >= 42.47527 [Pr = 0.95],BRIER SKILL SCORE MAIN >= 0.39644 [Pr = 0.1],BRIER SKILL SCORE MAIN >= 0.56634 [Pr = 0.25],BRIER SKILL SCORE MAIN >= 1.38753 [Pr = 0.5],BRIER SKILL SCORE MAIN >= 5.57842 [Pr = 0.75],BRIER SKILL SCORE MAIN >= 21.69354 [Pr = 0.9],BRIER SKILL SCORE MAIN >= 42.47527 [Pr = 0.95],CONTINUOUS RANKED PROBABILITY SCORE MAIN All data,CONTINUOUS RANKED PROBABILITY SCORE MAIN >= 0.39644 [Pr = 0.1],CONTINUOUS RANKED PROBABILITY SCORE MAIN >= 0.56634 [Pr = 0.25],CONTINUOUS RANKED PROBABILITY SCORE MAIN >= 1.38753 [Pr = 0.5],CONTINUOUS RANKED PROBABILITY SCORE MAIN >= 5.57842 [Pr = 0.75],CONTINUOUS RANKED PROBABILITY SCORE MAIN >= 21.69354 [Pr = 0.9],CONTINUOUS RANKED PROBABILITY SCORE MAIN >= 42.47527 [Pr = 0.95],KLING GUPTA EFFICIENCY MAIN All data,KLING GUPTA EFFICIENCY MAIN >= 0.39644 [Pr = 0.1],KLING GUPTA EFFICIENCY MAIN >= 0.56634 [Pr = 0.25],KLING GUPTA EFFICIENCY MAIN >= 1.38753 [Pr = 0.5],KLING GUPTA EFFICIENCY MAIN >= 5.57842 [Pr = 0.75],KLING GUPTA EFFICIENCY MAIN >= 21.69354 [Pr = 0.9],KLING GUPTA EFFICIENCY MAIN >= 42.47527 [Pr = 0.95],MEAN SQUARE ERROR MAIN All data,MEAN SQUARE ERROR MAIN >= 0.39644 [Pr = 0.1],MEAN SQUARE ERROR MAIN >= 0.56634 [Pr = 0.25],MEAN SQUARE ERROR MAIN >= 1.38753 [Pr = 0.5],MEAN SQUARE ERROR MAIN >= 5.57842 [Pr = 0.75],MEAN SQUARE ERROR MAIN >= 21.69354 [Pr = 0.9],MEAN SQUARE ERROR MAIN >= 42.47527 [Pr = 0.95],MEAN SQUARE ERROR SKILL SCORE MAIN All data,MEAN SQUARE ERROR SKILL SCORE MAIN >= 0.39644 [Pr = 0.1],MEAN SQUARE ERROR SKILL SCORE MAIN >= 0.56634 [Pr = 0.25],MEAN SQUARE ERROR SKILL SCORE MAIN >= 1.38753 [Pr = 0.5],MEAN SQUARE ERROR SKILL SCORE MAIN >= 5.57842 [Pr = 0.75],MEAN SQUARE ERROR SKILL SCORE MAIN >= 21.69354 [Pr = 0.9],MEAN SQUARE ERROR SKILL SCORE MAIN >= 42.47527 [Pr = 0.95],RELATIVE OPERATING CHARACTERISTIC SCORE MAIN >= 0.39644 [Pr = 0.1],RELATIVE OPERATING CHARACTERISTIC SCORE MAIN >= 0.56634 [Pr = 0.25],RELATIVE OPERATING CHARACTERISTIC SCORE MAIN >= 1.38753 [Pr = 0.5],RELATIVE OPERATING CHARACTERISTIC SCORE MAIN >= 5.57842 [Pr = 0.75],RELATIVE OPERATING CHARACTERISTIC SCORE MAIN >= 21.69354 [Pr = 0.9],RELATIVE OPERATING CHARACTERISTIC SCORE MAIN >= 42.47527 [Pr = 0.95]
42,-0.219652,-0.260660,-0.308417,-0.404455,-0.540105,-0.641189,-0.666050,0.426823,0.421591,0.412377,0.390290,0.358694,0.333111,0.315518,0.653317,0.649301,0.642166,0.624732,0.598911,0.577158,0.561710,0.568985,0.577639,0.584796,0.592853,0.567340,0.467716,0.414430,7.103649,7.697364,8.677595,11.434024,19.451594,39.564014,59.562179,-1.859083,-2.498442,-3.502033,-6.643796,-16.067173,-37.209187,-56.887553,17.923795,19.074471,20.796746,25.191859,35.257966,54.537929,74.051624,11328.000000,9958.000000,8336.000000,5615.000000,2814.000000,1139.000000,569.000000,0.106020,0.152562,0.139048,0.136246,0.073623,0.040281,0.002757,0.215063,0.443768,0.270254,0.185925,0.155660,5.176322,5.792495,6.809614,9.793401,18.096810,36.804213,55.147117,0.442645,0.444744,0.442098,0.420845,0.315890,-0.006321,-0.262969,321.262417,363.835435,432.504632,634.629757,1243.124200,2974.385685,5483.643039,0.396262,0.390810,0.381281,0.355631,0.300884,0.210561,0.152839,0.426572,0.649403,0.773762,0.604124,0.604749,0.665998
66,-0.156115,-0.202750,-0.257357,-0.372530,-0.545975,-0.683355,-0.733281,0.332444,0.325613,0.312912,0.283099,0.245645,0.205900,0.188148,0.576580,0.570626,0.559386,0.532071,0.495626,0.453762,0.433760,0.517121,0.524315,0.528840,0.537119,0.525338,0.429854,0.369172,7.829968,8.466927,9.513633,12.338251,20.150847,40.710398,62.874120,-1.321352,-1.943412,-2.922311,-6.118488,-16.241799,-39.656118,-62.629828,19.598573,20.850553,22.724414,27.472964,38.265612,59.285829,81.288128,11328.000000,9958.000000,8336.000000,5616.000000,2814.000000,1139.000000,569.000000,0.104550,0.154474,0.143221,0.137237,0.075295,0.041174,0.016587,0.205226,0.427075,0.264946,0.167441,0.136929,5.385657,6.019641,7.063941,10.108273,18.553127,38.135296,58.327075,0.252087,0.251985,0.246058,0.225022,0.189578,0.124854,0.064927,384.104080,434.745556,516.399006,754.763753,1464.257089,3514.809497,6607.759731,0.275835,0.269060,0.257304,0.228294,0.179126,0.111481,0.077034,0.440535,0.654266,0.769433,0.614112,0.612118,0.673966
90,-0.155825,-0.203470,-0.260189,-0.378193,-0.562374,-0.706350,-0.759486,0.276850,0.269312,0.256271,0.222923,0.190698,0.155489,0.124001,0.526165,0.518953,0.506232,0.472148,0.436690,0.394321,0.352137,0.500008,0.506597,0.510597,0.517498,0.511163,0.421742,0.361507,8.044872,8.701683,9.770115,12.671613,20.535011,41.633279,65.091832,-1.318975,-1.950423,-2.954642,-6.210840,-16.725017,-40.990597,-64.868024,20.211137,21.503325,23.432062,28.333942,39.427788,61.156041,84.140851,11328.000000,9958.000000,8336.000000,5617.000000,2815.000000,1139.000000,569.000000,0.104618,0.155592,0.145399,0.139654,0.076396,0.041946,0.015942,0.199477,0.418362,0.252178,0.155258,0.120745,5.499003,6.146909,7.210165,10.310119,18.888822,38.956973,60.102921,0.195295,0.192664,0.183306,0.152965,0.111278,0.059584,0.001461,408.490058,462.392988,549.061531,802.812254,1554.550468,3740.061341,7079.682751,0.229844,0.222603,0.210532,0.179996,0.136054,0.079580,0.049021,0.437393,0.650260,0.766945,0.614102,0.609369,0.657918
114,-0.157847,-0.206091,-0.263381,-0.383526,-0.574264,-0.720692,-0.775347,0.236498,0.228502,0.214476,0.179471,0.149419,0.106807,0.069746,0.486311,0.478019,0.463116,0.423640,0.386547,0.326814,0.264095,0.490495,0.496757,0.500356,0.507732,0.506387,0.418877,0.357235,8.145091,8.810018,9.893272,12.818952,20.676404,42.248353,66.362451,-1.336139,-1.975619,-2.990999,-6.297597,-17.078601,-41.822881,-66.222704,20.609249,21.927341,23.896162,28.894789,40.201626,62.457769,86.041289,11328.000000,9958.000000,8336.000000,5618.000000,2815.000000,1139.000000,569.000000,0.104572,0.156292,0.147580,0.141623,0.077741,0.042593,0.016374,0.195875,0.409640,0.241636,0.140392,0.107188,5.583802,6.241666,7.321093,10.465715,19.164248,39.712392,61.507353,0.156945,0.152480,0.140249,0.103063,0.054941,-0.003008,-0.069298,424.741144,480.808269,571.026558,834.908818,1616.170705,3900.972945,7403.103471,0.199268,0.191771,0.179196,0.148034,0.107735,0.055992,0.028746,0.438627,0.650595,0.761713,0.612801,0.591718,0.629941
138,-0.163954,-0.212486,-0.270074,-0.391230,-0.588834,-0.735250,-0.791784,0.207756,0.199215,0.184506,0.148357,0.122911,0.080648,0.050676,0.455802,0.446335,0.429542,0.385171,0.350586,0.283985,0.225112,0.480019,0.486042,0.488977,0.496023,0.502801,0.414368,0.352821,8.247562,8.924077,10.026735,13.000976,20.890739,43.025186,67.713301,-1.387862,-2.036967,-3.067079,-6.423153,-17.511924,-42.667709,-67.626551,20.908380,22.247710,24.247615,29.322469,40.799215,63.453893,87.461465,11328.000000,9958.000000,8336.000000,5619.000000,2815.000000,1139.000000,569.000000,0.104427,0.157096,0.148589,0.143421,0.078552,0.043135,0.017743,0.191737,0.405608,0.232004,0.131421,0.095831,5.652077,6.318335,7.412024,10.596001,19.406241,40.317077,62.652865,0.124785,0.118551,0.103675,0.060070,0.010195,-0.050801,-0.110394,437.160368,494.960581,587.946849,859.807183,1664.575909,4026.396485,7649.507921,0.176070,0.168321,0.155429,0.123934,0.088554,0.042185,0.020564,0.441926,0.646225,0.760352,0.606840,0.582738,0.613264
162,-0.175729,-0.224534,-0.283129,-0.406307,-0.605407,-0.750882,-0.806622,0.185902,0.177105,0.162501,0.127261,0.101817,0.059552,0.032015,0.431164,0.420838,0.403114,0.356737,0.319087,0.244033,0.178927,0.470842,0.476778,0.479986,0.489179,0.500442,0.410851,0.349287,8.312293,8.995597,10.101879,13.082806,21.084810,43.799531,68.907699,-1.487561,-2.152499,-3.215389,-6.669689,-18.004820,-43.574808,-68.893914,21.162425,22.519610,24.543246,29.676756,41.349428,64.402461,88.766911,11328.000000,9958.000000,8336.000000,5620.000000,2815.000000,1139.000000,569.000000,0.104446,0.157604,0.149845,0.145599,0.079270,0.043555,0.017565,0.189123,0.400585,0.220343,0.123484,0.087029,5.718533,6.393229,7.499765,10.721280,19.671994,40.997955,63.878115,0.093905,0.085840,0.068684,0.020091,-0.033149,-0.093917,-0.154920,447.848224,507.132857,602.370913,880.709863,1709.775188,4147.676933,7879.564461,0.156379,0.148556,0.135861,0.105456,0.072693,0.031361,0.012974,0.443639,0.644188,0.757230,0.597894,0.574712,0.590054
186,-0.174323,-0.224132,-0.284482,-0.410519,-0.612812,-0.761979,-0.816200,0.161925,0.153084,0.138298,0.103183,0.077015,0.042266,0.013747,0.402399,0.391260,0.371884,0.321221,0.277516,0.205588,0.117249,0.459972,0.465711,0.469359,0.479792,0.495329,0.407948,0.346739,8.430817,9.120735,10.231392,13.228548,21.314842,44.388749,69.711958,-1.475667,-2.148662,-3.230778,-6.738874,-18.225018,-44.218796,-69.711958,21.387580,22.757788,24.801355,29.985962,41.794621,65.121484,89.761293,11328.000000,9958.000000,8336.000000,5620.000000,2815.000000,1139.000000,569.000000,0.104393,0.158445,0.151235,0.146771,0.080356,0.043994,0.018062,0.184796,0.395025,0.214064,0.111478,0.077813,5.772738,6.453631,7.569224,10.819662,19.868346,41.498469,64.637296,0.065745,0.056359,0.037266,-0.016755,-0.077420,-0.137375,-0.211206,457.428584,517.916911,615.107193,899.157896,1746.790330,4240.807641,8057.089765,0.138274,0.130425,0.117714,0.087575,0.056699,0.022518,0.004871,0.445008,0.642842,0.753516,0.593404,0.547584,0.570586
210,-0.173687,-0.224639,-0.285594,-0.413586,-0.620529,-0.771871,-0.827508,0.140673,0.131965,0.116838,0.081764,0.057416,0.027455,0.006328,0.375064,0.363269,0.341816,0.285944,0.239617,0.165696,0.079547,0.450845,0.456650,0.459437,0.469784,0.492433,0.405683,0.343629,8.527936,9.220238,10.343441,13.363226,21.475685,44.897542,70.677741,-1.470280,-2.153511,-3.243386,-6.789197,-18.454522,-44.792850,-70.677741,21.589358,22.970348,25.033532,30.265301,42.186101,65.761778,90.678388,11328.000000,9958.000000,8336.000000,5620.000000,2815.000000,1139.000000,569.000000,0.104247,0.159373,0.152627,0.148204,0.081031,0.044544,0.019436,0.180021,0.389457,0.206395,0.104011,0.066286,5.830505,6.517546,7.644208,10.926154,20.069907,41.984407,65.521288,0.038591,0.027933,0.006281,-0.054437,-0.121999,-0.184524,-0.254080,466.100372,527.636881,626.677729,915.988434,1779.667110,4324.611490,8222.569962,0.121912,0.114137,0.101224,0.071140,0.043294,0.014805,0.001159,0.447513,0.640538,0.749353,0.587728,0.539595,0.549719
234,-0.167842,-0.219790,-0.282116,-0.413681,-0.625266,-0.778980,-0.833738,0.127996,0.119389,0.104293,0.070401,0.049510,0.026284,0.005840,0.357765,0.345527,0.322944,0.265331,0.222509,0.162125,0.076420,0.440867,0.446444,0.449274,0.461239,0.490160,0.404542,0.341939,8.641790,9.339950,10.470414,13.491588,21.616533,45.229387,71.209849,-1.420801,-2.107031,-3.203894,-6.790748,-18.595408,-45.205407,-71.209849,21.703671,23.089751,25.161472,30.409603,42.372510,66.069012,91.088863,11328.000000,9958.000000,8336.000000,5620.000000,2815.000000,1139.000000,569.000000,0.104035,0.159867,0.153960,0.149810,0.081898,0.044889,0.021422,0.177483,0.384125,0.197791,0.094420,0.059066,5.878228,6.570176,7.705433,11.010649,20.229260,42.379358,66.120887,0.021933,0.010555,-0.012404,-0.076199,-0.145600,-0.199480,-0.265793,471.049354,533.136616,633.099690,924.743961,1795.429584,4365.114308,8297.180890,0.112349,0.104606,0.091682,0.062282,0.037522,0.013918,0.001255,0.446091,0.638712,0.744308,0.579640,0.522735,0.540331
258,-0.166324,-0.218767,-0.282281,-0.416393,-0.630462,-0.782912,-0.837725,0.121787,0.112988,0.098232,0.064779,0.045864,0.021822,0.003092,0.348979,0.336137,0.313420,0.254518,0.214159,0.147724,0.055604,0.433782,0.439093,0.441962,0.455650,0.490369,0.403385,0.340867,8.707271,9.409624,10.540058,13.553301,21.670756,45.453418,71.550380,-1.407947,-2.097223,-3.205766,-6.835259,-18.749943,-45.433565,-71.550380,21.772271,23.163119,25.238202,30.499512,42.504585,66.301524,91.428857,11328.000000,9958.000000,8336.000000,5620.000000,2815.000000,1139.000000,569.000000,0.103953,0.159981,0.155068,0.151324,0.082093,0.044907,0.022202,0.176893,0.379690,0.189685,0.092266,0.058686,5.899445,6.593637,7.731336,11.043640,20.291290,42.509831,66.374197,0.010098,-0.002012,-0.025878,-0.091811,-0.161453,-0.219867,-0.290234,474.031784,536.530070,636.966823,930.220215,1806.639783,4395.892120,8359.235919,0.106668,0.098845,0.086150,0.057309,0.034499,0.011583,-0.000360,0.450655,0.638131,0.741128,0.574405,0.530749,0.549948
282,-0.159615,-0.212628,-0.276954,-0.413154,-0.630290,-0.784969,-0.839418,0.110117,0.101330,0.086852,0.054943,0.036889,0.016939,0.000963,0.331838,0.318324,0.294707,0.234398,0.192066,0.130152,0.031039,0.429097,0.434614,0.437527,0.451147,0.487738,0.402601,0.340413,8.788641,9.496441,10.633959,13.655756,21.786239,45.584471,71.695004,-1.351149,-2.038360,-3.145257,-6.782075,-18.744840,-45.552986,-71.695004,21.856926,23.251807,25.331995,30.601057,42.624691,66.467376,91.642020,11328.000000,9958.000000,8336.000000,5620.000000,2815.000000,1139.000000,569.000000,0.103998,0.160319,0.156321,0.152138,0.082513,0.045102,0.021777,0.175157,0.374678,0.185330,0.087625,0.054588,5.928362,6.625942,7.768356,11.093306,20.380511,42.705830,66.638165,0.000444,-0.011953,-0.036416,-0.103997,-0.175804,-0.233529,-0.309220,477.725193,540.646548,641.709953,936.424688,1816.864275,4417.912137,8398.259783,0.099442,0.091560,0.078838,0.050325,0.028936,0.009053,-0.002545,0.450995,0.638563,0.736267,0.570337,0.517192,0.527302
306,-0.163211,-0.216408,-0.281955,-0.418211,-0.636881,-0.789668,-0.844008,0.105164,0.096231,0.082105,0.049899,0.033794,0.013011,0.000117,0.324290,0.310211,0.286540,0.223381,0.183832,0.114065,0.010798,0.425384,0.430854,0.433868,0.448167,0.489417,0.401384,0.339190,8.805740,9.514288,10.641778,13.671006,21.797595,45.840521,72.087010,-1.381591,-2.074594,-3.202043,-6.866190,-18.940857,-45.825626,-72.087010,21.918965,23.318845,25.402850,30.695393,42.766321,66.726542,92.005746,11328.000000,9958.000000,8336.000000,5619.000000,2815.000000,1139.000000,569.000000,0.103836,0.160551,0.157612,0.153468,0.083184,0.045118,0.023299,0.173963,0.369512,0.178204,0.080201,0.054250,5.957321,6.658495,7.805172,11.146241,20.482552,42.962285,67.026159,-0.010989,-0.024253,-0.049461,-0.120625,-0.192418,-0.255220,-0.332734,480.441029,543.768513,645.304797,942.207135,1828.958200,4452.431458,8465.057342,0.094465,0.086543,0.074157,0.045696,0.026316,0.006860,-0.003765,0.451236,0.638187,0.731690,0.560620,0.502927,0.539238
330,-0.156079,-0.210179,-0.275775,-0.414705,-0.636110,-0.791250,-0.844584,0.101357,0.092583,0.078247,0.047681,0.034269,0.020890,0.003127,0.318365,0.304275,0.279727,0.218360,0.185118,0.144535,0.055922,0.419532,0.425465,0.428817,0.445430,0.485706,0.400903,0.339037,8.896187,9.608208,10.752816,13.786565,21.949458,45.932391,72.136274,-1.321217,-2.014885,-3.131872,-6.807544,-18.917923,-45.917468,-72.136274,21.937205,23.336141,25.422369,30.702664,42.745623,66.653789,91.873498,11328.000000,9958.000000,8336.000000,5620.000000,2815.000000,1139.000000,569.000000,0.104037,0.160915,0.158947,0.154322,0.083508,0.045305,0.021405,0.172086,0.364174,0.173634,0.076623,0.050349,5.976913,6.679550,7.829996,11.177070,20.535645,43.066623,67.137419,-0.011736,-0.024521,-0.049747,-0.118941,-0.187481,-0.232273,-0.296140,481.240955,544.575482,646.296850,942.653602,1827.188298,4442.727643,8440.739648,0.092678,0.084812,0.072141,0.044344,0.026809,0.010884,-0.000039,0.451679,0.636070,0.725944,0.555791,0.498174,0.524308
354,-0.160262,-0.214425,-0.280856,-0.421044,-0.641979,-0.795416,-0.847526,0.095682,0.086946,0.072983,0.043122,0.029810,0.015611,0.000248,0.309326,0.294867,0.270154,0.207659,0.172655,0.124945,0.015741,0.416812,0.422556,0.426052,0.443911,0.486749,0.399663,0.338258,8.912611,9.626467,10.765559,13.787163,21.988721,46.172583,72.387513,-1.356625,-2.055588,-3.189565,-6.911601,-19.092461,-46.159216,-72.387513,22.000934,23.404078,25.494495,30.791205,42.894260,66.908508,92.210473,11328.000000,9958.000000,8336.000000,5620.000000,2815.000000,1139.000000,569.000000,0.103636,0.161197,0.160105,0.155490,0.083749,0.045509,0.025181,0.170636,0.359540,0.167378,0.073956,0.046053,6.002961,6.708758,7.863896,11.226204,20.640117,43.308180,67.539939,-0.022627,-0.036232,-0.062274,-0.133206,-0.202745,-0.254171,-0.332929,484.041082,547.750847,649.969276,948.098298,1839.917532,4476.748488,8502.771355,0.087562,0.079732,0.067357,0.040213,0.023479,0.008224,-0.003073,0.451297,0.635075,0.722143,0.546404,0.492081,0.504366
378,-0.158454,-0.213014,-0.280056,-0.421379,-0.644615,-0.797291,-0.849452,0.089680,0.081024,0.067337,0.038411,0.027075,0.012838,0.000015,0.299466,0.284648,0.259493,0.195988,0.164545,0.113303,0.003890,0.414822,0.420453,0.424072,0.441242,0.486608,0.399129,0.337750,8.959543,9.675981,10.817620,13.843039,22.033748,46.279048,72.552029,-1.341330,-2.042064,-3.180494,-6.915962,-19.170858,-46.268037,-72.552029,22.051951,23.457603,25.551161,30.853526,42.971514,67.032807,92.374625,11328.000000,9958.000000,8336.000000,5621.000000,2815.000000,1139.000000,569.000000,0.103683,0.161258,0.161048,0.156052,0.083997,0.045500,0.024738,0.170325,0.355773,0.164369,0.071213,0.046252,6.017717,6.724700,7.881913,11.248421,20.691985,43.417381,67.654295,-0.029292,-0.043126,-0.069521,-0.141186,-0.208974,-0.262921,-0.344865,486.288558,550.259150,652.861809,951.940053,1846.550990,4493.397163,8533.071394,0.083253,0.075431,0.063129,0.036258,0.021516,0.006749,-0.003824,0.449659,0.635608,0.719239,0.544709,0.485339,0.511108
402,-0.174567,-0.229194,-0.295555,-0.434433,-0.653653,-0.803517,-0.854646,0.088166,0.079845,0.066314,0.038159,0.028082,0.018717,0.002792,0.296928,0.282568,0.257516,0.195342,0.167578,0.136808,0.052840,0.414004,0.420870,0.425828,0.446142,0.486537,0.397350,0.336388,8.926430,9.638358,10.781960,13.836796,22.178126,46.633808,72.995658,-1.477727,-2.197181,-3.356512,-7.130224,-19.439651,-46.629343,-72.995658,22.080939,23.488737,25.588513,30.907010,43.077187,67.185503,92.544022,11328.000000,9958.000000,8336.000000,5621.000000,2815.000000,1139.000000,569.000000,0.103673,0.161648,0.161970,0.157228,0.084147,0.045575,0.024833,0.168318,0.352084,0.158074,0.069556,0.044686,6.035378,6.745220,7.907426,11.289213,20.784714,43.620563,67.933019,-0.033136,-0.047028,-0.073486,-0.144657,-0.207747,-0.247912,-0.307874,487.567851,551.720752,654.772000,955.243247,1855.644002,4513.891767,8564.396001,0.081507,0.073998,0.061936,0.035852,0.022076,0.009567,0.000086,0.448736,0.632727,0.714131,0.534194,0.486397,0.514666
426,-0.186411,-0.240724,-0.306726,-0.444272,-0.660679,-0.807681,-0.857780,0.086946,0.078824,0.065595,0.037814,0.028929,0.019893,0.004157,0.294865,0.280756,0.256116,0.194458,0.170086,0.141044,0.064474,0.414829,0.421564,0.426787,0.447389,0.487026,0.396056,0.335571,8.902742,9.614933,10.759145,13.827121,22.261961,46.879909,73.263313,-1.577991,-2.307716,-3.483387,-7.290517,-19.648590,-46.870991,-73.263313,22.107296,23.517270,25.620165,30.949736,43.163091,67.337752,92.711693,11328.000000,9958.000000,8336.000000,5622.000000,2815.000000,1139.000000,569.000000,0.103767,0.161812,0.162881,0.157978,0.084561,0.045815,0.023946,0.167476,0.348438,0.154056,0.064981,0.039652,6.058654,6.771451,7.939363,11.337941,20.894252,43.874746,68.317023,-0.037863,-0.052150,-0.078934,-0.150276,-0.211579,-0.246750,-0.299911,488.732529,553.061992,656.392843,957.886168,1863.052434,4534.372850,8595.457937,0.079844,0.072522,0.060781,0.035311,0.022380,0.009981,0.001025,0.451656,0.631409,0.709082,0.527823,0.471549,0.493204
450,-0.186245,-0.240987,-0.307758,-0.446295,-0.662855,-0.810031,-0.859481,0.080701,0.072655,0.059899,0.033320,0.024100,0.014889,0.001112,0.284080,0.269545,0.244743,0.182538,0.155240,0.122023,0.033343,0.413503,0.420460,0.425847,0.446488,0.487153,0.395361,0.335130,8.925741,9.636974,10.776764,13.837700,22.288124,47.016296,73.408569,-1.576588,-2.310242,-3.495114,-7.323711,-19.713309,-47.007327,-73.408569,22.164240,23.577425,25.683100,31.020485,43.267383,67.510192,92.934721,11328.000000,9958.000000,8336.000000,5622.000000,2815.000000,1139.000000,569.000000,0.103860,0.162319,0.163915,0.159146,0.084928,0.045909,0.023074,0.164865,0.344305,0.147800,0.060919,0.037676,6.077474,6.793025,7.963738,11.372797,20.970804,44.037654,68.478300,-0.046353,-0.060997,-0.088227,-0.161039,-0.225208,-0.262514,-0.323513,491.253525,555.894981,659.621636,962.270469,1872.066459,4557.625960,8636.862442,0.075089,0.067788,0.056271,0.031369,0.018961,0.007677,-0.001307,0.452388,0.629416,0.705103,0.520632,0.461433,0.478254
474,-0.186019,-0.241019,-0.308059,-0.448036,-0.665856,-0.812361,-0.861460,0.077662,0.069631,0.056835,0.030959,0.023342,0.014845,0.001006,0.278679,0.263876,0.238400,0.175952,0.152780,0.121841,0.031721,0.410338,0.417581,0.422937,0.445254,0.487493,0.394583,0.334617,8.955965,9.668873,10.811821,13.863394,22.320469,47.158633,73.577655,-1.574681,-2.310556,-3.498539,-7.351086,-19.802569,-47.142536,-73.577655,22.194289,23.609251,25.718472,31.059100,43.321101,67.606098,93.069619,11328.000000,9958.000000,8336.000000,5623.000000,2815.000000,1139.000000,569.000000,0.103938,0.162619,0.164800,0.160008,0.085149,0.045911,0.022338,0.163321,0.340765,0.143187,0.058475,0.037635,6.090061,6.806707,7.979337,11.392447,21.016682,44.138896,68.669111,-0.051648,-0.066576,-0.094302,-0.167151,-0.229526,-0.266182,-0.326647,492.586461,557.396747,661.439782,964.667715,1876.717812,4570.584520,8661.953892,0.072569,0.065271,0.053701,0.029224,0.018338,0.007607,-0.001331,0.449631,0.625634,0.700821,0.515517,0.453519,0.479124
498,-0.193575,-0.248861,-0.315538,-0.453291,-0.669531,-0.814359,-0.863518,0.080160,0.072492,0.059771,0.033552,0.027812,0.023148,0.007765,0.283126,0.269244,0.244481,0.183173,0.166769,0.152143,0.088120,0.411221,0.418784,0.425067,0.447299,0.487781,0.394174,0.334087,8.932230,9.639457,10.781538,13.855702,22.362517,47.260746,73.753358,-1.638649,-2.385741,-3.583495,-7.436105,-19.911863,-47.258522,-73.753358,22.179060,23.591693,25.700484,31.040985,43.305664,67.573519,93.013073,11328.000000,9958.000000,8336.000000,5624.000000,2815.000000,1139.000000,569.000000,0.104160,0.163058,0.165118,0.160578,0.085040,0.045951,0.020253,0.161061,0.339497,0.140134,0.059680,0.036803,6.092569,6.809135,7.982337,11.396078,21.028464,44.163372,68.655751,-0.049442,-0.063956,-0.091214,-0.163458,-0.221557,-0.248936,-0.289181,491.910700,556.567978,660.514865,963.542760,1875.380525,4566.180468,8651.431671,0.074198,0.067213,0.055836,0.031457,0.021260,0.010914,0.002869,0.448923,0.622562,0.699410,0.508293,0.461692,0.481233
522,-0.194165,-0.249351,-0.316037,-0.454404,-0.670984,-0.815072,-0.863738,0.078016,0.070307,0.057708,0.032186,0.027370,0.021764,0.006454,0.279313,0.265156,0.240225,0.179404,0.165440,0.147525,0.080336,0.409999,0.417630,0.423760,0.447270,0.487714,0.393897,0.334030,8.946876,9.657093,10.802556,13.874154,22.389557,47.307468,73.772175,-1.643651,-2.390456,-3.589177,-7.453169,-19.955079,-47.299886,-73.772175,22.197700,23.612039,25.722374,31.062003,43.332008,67.617918,93.054908,11328.000000,9958.000000,8336.000000,5625.000000,2815.000000,1139.000000,569.000000,0.104354,0.163469,0.165996,0.161001,0.085274,0.045900,0.018422,0.158949,0.335983,0.137866,0.057093,0.037870,6.102164,6.819995,7.994445,11.413538,21.064015,44.224118,68.730236,-0.051690,-0.066357,-0.093766,-0.165583,-0.222609,-0.249188,-0.292628,492.737864,557.528397,661.640529,964.848045,1877.662933,4572.182790,8659.215871,0.072669,0.065637,0.054280,0.030268,0.020949,0.010452,0.002291,0.444928,0.620747,0.694925,0.503457,0.454498,0.481381
546,-0.190271,-0.245805,-0.313522,-0.454154,-0.670689,-0.815975,-0.863349,0.074953,0.067329,0.055149,0.030973,0.025252,0.022291,0.005217,0.273775,0.259479,0.234839,0.175992,0.158908,0.149301,0.072228,0.407909,0.415770,0.422754,0.447389,0.486710,0.393579,0.334130,8.985698,9.697751,10.839072,13.887833,22.430138,47.364086,73.738979,-1.610696,-2.356471,-3.560634,-7.447860,-19.946282,-47.352309,-73.738979,22.220311,23.635018,25.744126,31.075760,43.356848,67.645217,93.058109,11328.000000,9958.000000,8336.000000,5626.000000,2815.000000,1139.000000,569.000000,0.104492,0.163868,0.166729,0.161890,0.085385,0.046003,0.017126,0.156894,0.333052,0.133108,0.055866,0.035716,6.116969,6.835743,8.012111,11.432832,21.103181,44.293488,68.800072,-0.054250,-0.068908,-0.096022,-0.166324,-0.223435,-0.244368,-0.295433,493.742200,558.614075,662.760048,965.702849,1879.816280,4575.875438,8659.811742,0.070590,0.063563,0.052402,0.029208,0.019647,0.010716,0.001659,0.443209,0.618997,0.691732,0.496434,0.447230,0.472591
570,-0.187104,-0.242985,-0.311181,-0.453533,-0.670801,-0.816887,-0.864385,0.071759,0.064086,0.052046,0.028347,0.021923,0.018080,0.002412,0.267879,0.253153,0.228137,0.168366,0.148063,0.134462,0.049116,0.405717,0.413692,0.420367,0.446255,0.486974,0.393338,0.333863,9.007835,9.719473,10.859305,13.888733,22.418218,47.414934,73.827491,-1.583898,-2.329448,-3.534068,-7.437674,-19.949635,-47.405207,-73.827491,22.249826,23.666278,25.776571,31.112374,43.411225,67.741333,93.204815,11328.000000,9958.000000,8336.000000,5626.000000,2815.000000,1139.000000,569.000000,0.104266,0.164002,0.167343,0.162026,0.085573,0.046098,0.019251,0.156205,0.330599,0.132378,0.053791,0.033721,6.129809,6.849844,8.028190,11.454385,21.147567,44.407102,68.956904,-0.059682,-0.074644,-0.102336,-0.173377,-0.233191,-0.256783,-0.314909,495.054752,560.092731,664.431638,967.979828,1884.534457,4588.888230,8687.137546,0.067968,0.060884,0.049754,0.026770,0.017254,0.008976,0.000015,0.444493,0.616660,0.689562,0.496964,0.443296,0.462024
594,-0.182137,-0.239129,-0.308064,-0.451605,-0.670784,-0.817113,-0.865743,0.068354,0.060992,0.048978,0.025830,0.019660,0.014300,0.001592,0.261445,0.246966,0.221311,0.160716,0.140216,0.119584,0.039903,0.402685,0.411222,0.418009,0.443729,0.487106,0.393397,0.333514,9.047596,9.753841,10.891592,13.912789,22.412513,47.418335,73.943406,-1.541857,-2.292486,-3.498680,-7.404861,-19.949115,-47.418335,-73.943406,22.279258,23.694448,25.806788,31.141160,43.448491,67.808215,93.324566,11328.000000,9958.000000,8336.000000,5627.000000,2815.000000,1139.000000,569.000000,0.104303,0.164163,0.168264,0.162760,0.085748,0.046113,0.018904,0.155380,0.326914,0.128449,0.051857,0.033399,6.143942,6.865210,8.045602,11.475291,21.189936,44.497738,69.158666,-0.064685,-0.079515,-0.107490,-0.179706,-0.240322,-0.269597,-0.323608,496.365315,561.426874,665.990321,969.771836,1887.771330,4597.954001,8709.474675,0.065269,0.058376,0.047185,0.024366,0.015556,0.007285,-0.000584,0.445123,0.615386,0.685635,0.489901,0.437482,0.461819
618,-0.192088,-0.248676,-0.317444,-0.459270,-0.676129,-0.820146,-0.867749,0.071602,0.064310,0.052452,0.029172,0.025338,0.025901,0.011383,0.267585,0.253593,0.229025,0.170797,0.159179,0.160938,0.106693,0.402840,0.411189,0.418977,0.445745,0.487253,0.392457,0.333000,9.025908,9.733467,10.870072,13.910679,22.486388,47.598689,74.114812,-1.626100,-2.384021,-3.605209,-7.529325,-20.108067,-47.594304,-74.114812,22.258878,23.673822,25.784943,31.118515,43.434499,67.781136,93.239398,11328.000000,9958.000000,8336.000000,5628.000000,2815.000000,1139.000000,569.000000,0.104247,0.164465,0.169055,0.163233,0.085613,0.046065,0.019434,0.153826,0.323753,0.125914,0.053342,0.034398,6.141328,6.862006,8.041547,11.466536,21.176750,44.472697,69.037004,-0.062433,-0.077221,-0.104625,-0.175330,-0.230334,-0.245889,-0.281257,495.457641,560.449857,664.863289,968.361959,1886.555671,4594.282367,8693.585369,0.067446,0.060688,0.049825,0.027479,0.019446,0.011646,0.004145,0.444447,0.614374,0.682978,0.487494,0.444538,0.470766
642,-0.195925,-0.252240,-0.320978,-0.462316,-0.677715,-0.820169,-0.867169,0.074506,0.067100,0.055219,0.031532,0.028358,0.027313,0.010713,0.272958,0.259037,0.234988,0.177573,0.168399,0.165266,0.103505,0.403709,0.411910,0.419317,0.446643,0.488340,0.392455,0.333148,9.001670,9.708668,10.841118,13.877065,22.463509,47.599733,74.065271,-1.658580,-2.418196,-3.645364,-7.579264,-20.155247,-47.595679,-74.065271,22.239699,23.654661,25.764369,31.097985,43.416946,67.767101,93.210122,11328.000000,9958.000000,8336.000000,5628.000000,2815.000000,1139.000000,569.000000,0.104211,0.164946,0.170077,0.163351,0.085846,0.046108,0.019768,0.151350,0.319664,0.125281,0.050772,0.033505,6.145819,6.867167,8.047327,11.475269,21.197838,44.511826,69.077265,-0.061110,-0.076009,-0.103301,-0.173586,-0.227743,-0.243757,-0.283173,494.604226,559.542976,663.802704,967.084676,1885.031160,4592.380034,8688.126856,0.069239,0.062465,0.051735,0.029497,0.021204,0.012083,0.003933,0.442556,0.610647,0.677742,0.484261,0.437701,0.468221
666,-0.192862,-0.249332,-0.318732,-0.462517,-0.678287,-0.819878,-0.865619,0.071816,0.064553,0.052979,0.031095,0.028827,0.026312,0.007236,0.267984,0.254074,0.230173,0.176337,0.169784,0.162211,0.085063,0.402205,0.410652,0.418927,0.448720,0.488449,0.392407,0.333546,9.032746,9.742397,10.873607,13.881616,22.467493,47.593198,73.932827,-1.632677,-2.390351,-3.619904,-7.581384,-20.172271,-47.578798,-73.932827,22.256853,23.671599,25.780723,31.101366,43.414928,67.758120,93.166245,11328.000000,9958.000000,8336.000000,5629.000000,2815.000000,1139.000000,569.000000,0.104151,0.164952,0.170790,0.163668,0.085761,0.046096,0.020339,0.151320,0.316813,0.123584,0.051706,0.033754,6.150933,6.872704,8.053343,11.479135,21.206383,44.515626,69.038461,-0.061823,-0.076597,-0.103451,-0.171065,-0.222735,-0.238201,-0.288344,495.367519,560.344594,664.645703,967.294943,1884.856011,4591.162877,8679.949239,0.067650,0.060908,0.050276,0.029190,0.021644,0.012003,0.002629,0.441707,0.609672,0.674891,0.481082,0.437538,0.463144
690,-0.192036,-0.249090,-0.318648,-0.463229,-0.678046,-0.820421,-0.865969,0.070323,0.063290,0.051777,0.030161,0.026344,0.024667,0.005696,0.265184,0.251575,0.227546,0.173668,0.162307,0.157057,0.075472,0.401020,0.409945,0.418328,0.448713,0.487739,0.392267,0.333456,9.045539,9.751286,10.882374,13.878943,22.494354,47.623328,73.962766,-1.625748,-2.388133,-3.619106,-7.592136,-20.165094,-47.610308,-73.962766,22.270598,23.684396,25.794275,31.115087,43.445667,67.800013,93.222775,11328.000000,9958.000000,8336.000000,5630.000000,2815.000000,1139.000000,569.000000,0.104038,0.165128,0.171471,0.163799,0.085944,0.046061,0.021395,0.150412,0.314091,0.122883,0.049682,0.034499,6.159900,6.882256,8.064493,11.490379,21.239465,44.594540,69.148722,-0.064174,-0.078832,-0.105864,-0.173070,-0.226967,-0.241616,-0.294731,495.979539,560.950593,665.344630,968.148612,1887.525946,4596.841703,8690.485855,0.066452,0.059868,0.049258,0.028351,0.020111,0.011419,0.001926,0.438108,0.607249,0.672145,0.479463,0.432068,0.466080
714,-0.189545,-0.247132,-0.316727,-0.461731,-0.677560,-0.821938,-0.867146,0.066226,0.059111,0.047490,0.026152,0.020826,0.019802,0.001996,0.257343,0.243127,0.217923,0.161717,0.144311,0.140720,0.044676,0.399953,0.409273,0.417229,0.446254,0.487417,0.391993,0.333154,9.063055,9.765981,10.899298,13.893716,22.500805,47.698304,74.063296,-1.604727,-2.369451,-3.597419,-7.566625,-20.150631,-47.698304,-74.063296,22.308759,23.725335,25.840000,31.166102,43.523246,67.927403,93.402151,11328.000000,9958.000000,8336.000000,5631.000000,2815.000000,1139.000000,569.000000,0.104084,0.165543,0.172512,0.163968,0.086077,0.046172,0.020967,0.148278,0.309929,0.121981,0.048219,0.032165,6.172714,6.896242,8.080797,11.510867,21.284829,44.701883,69.337003,-0.070753,-0.085652,-0.113524,-0.183047,-0.241330,-0.257431,-0.320853,497.680711,562.891528,667.705582,971.325883,1894.272900,4614.132123,8723.961829,0.063124,0.056467,0.045661,0.024644,0.016311,0.009487,-0.000209,0.439160,0.603854,0.668132,0.479514,0.426984,0.456500
